edited,id,parent_id,distinguished,created_utc,subreddit_id,retrieved_on,author_flair_css_class,author_flair_text,controversiality,link_id,score,author,subreddit,body,stickied,gilded
FALSE,dbuugug,t1_dbun3lr,null,1483241934,t5_39usd,1485683682,null,null,0,t3_5l2aq2,1,LeMot-Juste,EnoughTrumpSpam,"Nah, see, I don't like being ordered.  So if there is something in that article worthy of noting, then maybe you could explain it...if you can.",FALSE,0
FALSE,dbv8pxl,t1_dbuz7ry,null,1483283377,t5_39usd,1485690530,null,null,0,t3_5l2aq2,1,LeMot-Juste,EnoughTrumpSpam,You do not know that.  ,FALSE,0
FALSE,dbvnejx,t1_dbvkwoz,null,1483305949,t5_39usd,1485697616,null,null,0,t3_5l2aq2,1,LeMot-Juste,EnoughTrumpSpam,"I do know there is such a thing as evolution, even though I've never seen it in action, because scientists have studied it and made the strong case for it.  Similarly, the experts of 16 different agencies agree, in total unanimity, that the Russians hacked our systems.  Congressman who were doubters changed after seeing the evidence.  I'm inclined to trust them.",FALSE,0
FALSE,dbvo7ei,t3_5lhbn9,null,1483307028,t5_2qh13,1485698010,null,null,1,t3_5lhbn9,1,LeMot-Juste,worldnews,"Yeah, Israel, stay solid.  The Donny plans on making the USA your lapdog again!",FALSE,0
FALSE,dbvojnb,t1_dbvoarj,null,1483307477,t5_2qh13,1485698174,null,null,0,t3_5lhbn9,0,LeMot-Juste,worldnews,"It kinda is.  Did Israel send in troops to help us fight the wars it helped instigate?  Has Israel been caught spying on the US, both in our government and inside our financial sector?  Does Israel try to fuck up our foreign policy whenever possible?  Do we pay Israel vast amounts of money NOT to start WW3, and is that not a form of extortion?  If that is our friend, WTH do our enemies look like?  Edit: And what country, exactly, sold our nuclear designs to China?",FALSE,0
FALSE,dbvt9y1,t1_dbvsjjl,null,1483313769,t5_2qh13,1485700454,null,null,0,t3_5lhnel,15,LeMot-Juste,worldnews,"I really wish they would, too, since the red states are highly dependent on the blue states for enormous tax subsidies.  I think it would be AWESOME for the red states to try to live up to their fantasy that their bootstraps can make them survive all their corrupt Republican reps.  I'd make popcorn, sit back and just watch.",FALSE,0
FALSE,dbvtbdz,t1_dbvt0un,null,1483313823,t5_2qh13,1485700474,null,null,0,t3_5lhnel,14,LeMot-Juste,worldnews,"Canadians, at this point, have greater rights and representation than the citizens of the USA.",FALSE,0
FALSE,dbvu979,t1_dbvu2cb,null,1483315072,t5_2qqjc,1485700926,null,null,0,t3_5li0ub,431,LeMot-Juste,todayilearned,"It's normal in every EU country I've been to.  It works really well, actually, especially since everyone bags their own groceries there.  The check out lines go much, much faster with that arrangement.  And if you wondered: people with a ton of groceries put them back in the cart and bag them at a counter that is provided in all stores at the front.  I've seen people bring suitcases in to roll their groceries home, too.",FALSE,0
FALSE,dbvvy5b,t1_dbvv99o,null,1483317419,t5_2qqjc,1485701753,null,null,0,t3_5li0ub,72,LeMot-Juste,todayilearned,"You know Aldi is German, right?  Both Aldi and Trader Joe's are the most like EU grocery stores.  Trader Joe's even has the empty boxes close to the check out that you can use, which they do in Europe.",FALSE,0
FALSE,dbvwu1o,t1_dbvwkny,null,1483318710,t5_2qqjc,1485702178,null,null,0,t3_5li0ub,7,LeMot-Juste,todayilearned,"I love them, since we drink a lot of water and juices around here.  So much better for loading and carrying than in bags.",FALSE,0
FALSE,dbvx0lo,t1_dbvw5n3,null,1483318984,t5_2qqjc,1485702266,null,null,0,t3_5li0ub,43,LeMot-Juste,todayilearned,"Yeah, both Aldi and Trader Joe's are German owned.  They are crushing it, too.  Looks like US Americans don't need a gazillion choices (from the same 4 companies) at every store they go to.",FALSE,0
1483327115,dbw26a0,t1_dbw1wbm,null,1483326671,t5_2qqjc,1485704991,null,null,0,t3_5li0ub,3,LeMot-Juste,todayilearned,Spargel!  In season!  With hollandaise or simply a spritz of lemon...<faints>,FALSE,0
FALSE,dbw2o4j,t1_dbw2eb5,null,1483327429,t5_2qqjc,1485705240,null,null,0,t3_5li0ub,10,LeMot-Juste,todayilearned,"I hit TJ for staples like pastas, olive oil and such.  They've got good cheeses, too, and yogurt.  I get about half my produce there and half at another store where I also get meats, laundry detergent (don't like TJs) and breads.",FALSE,0
FALSE,dbw2uoq,t1_dbw2abf,null,1483327710,t5_2qqjc,1485705329,null,null,0,t3_5li0ub,-1,LeMot-Juste,todayilearned,"I like ***ing myself.  It's like tetris, for reals.  No mention of ***s.",FALSE,0
FALSE,dbw5c67,t1_dbw432o,null,1483331465,t5_2qqjc,1485706660,null,null,0,t3_5li0ub,0,LeMot-Juste,todayilearned,Y'all are becoming too American.  ;),FALSE,0
FALSE,dbw5qig,t1_dbw3nrf,null,1483332051,t5_2qqjc,1485706862,null,null,0,t3_5li0ub,1,LeMot-Juste,todayilearned,"I fell into the chocolates at a German Aldi for a few weeks, so good.  It took a rescue team to find me.  The German Aldis also had a terrific, cheap, skin lotion I really miss a lot, something with chamomile.",FALSE,0
FALSE,dbw5wly,t1_dbw5kki,null,1483332300,t5_2qqjc,1485706948,null,null,0,t3_5li0ub,1,LeMot-Juste,todayilearned,"I found a relatively posh Aldi out in the burbs of Berlin, or maybe it was simply clean.  Anyway, it had a whole selection of clothing and electronics I hadn't seen inside the city.  Aldi also has the cheapest telephone cards for the burner phones.",FALSE,0
FALSE,dbw6zmq,t1_dbw3of0,null,1483334054,t5_2qqjc,1485707497,null,null,0,t3_5li0ub,3,LeMot-Juste,todayilearned,"It really is.  While you are pushed to get out of the check out line quickly, you can take as long as you need to at the counter to secure all your groceries.",FALSE,0
FALSE,dbw7938,t1_dbw68y9,null,1483334516,t5_2qqjc,1485707627,null,null,0,t3_5li0ub,2,LeMot-Juste,todayilearned,"Hold on, I thought the secretive Aldi Bros had some big blow up and one owns the US Aldis and the other owns Trader Joe's.",FALSE,0
FALSE,dbw79ri,t1_dbw61e4,null,1483334551,t5_2qqjc,1485707638,null,null,0,t3_5li0ub,1,LeMot-Juste,todayilearned,"Yeah, I think that's right.  The Aldi Bros had some falling out that split the company.",FALSE,0
FALSE,dbw9fmf,t1_dbw7rzb,null,1483338811,t5_2qh13,1485708842,null,null,0,t3_5lhnel,8,LeMot-Juste,worldnews,"Tough, of course, but the blue states would have options that the red states wouldn't if only for the fact that blues are better educated and diverse. What's Kansas going to do especially with that Brownback joker as governor?  Arkansas?  They simply aren't equipped to function without Big Daddy Federal Government, which is kinda weird because all they do is bitch about the feds.",FALSE,0
FALSE,dbw9ngd,t1_dbw8p59,null,1483339281,t5_2qqjc,1485708952,null,null,0,t3_5li0ub,3,LeMot-Juste,todayilearned,"TJs is crushing a certain niche market occupied by things like Whole Foods and Dean and Deluca.  And they are cutting into the sales at Publix and Harris Teetor, too.  TJs has been pretty smart about finding the cheapest real estate in the best neighborhoods, too, which is why there is a a FB group dedicated to the crappy parking lots of Trader Joe's.",FALSE,0
FALSE,dbwkw32,t1_dbwgaeq,null,1483370377,t5_2qqjc,1485714841,null,null,0,t3_5li0ub,1,LeMot-Juste,todayilearned,"Those cashiers, man, you don't want to piss them off, make them slam that wooden divider across the counter with a bang and a glare.  Promptly remove your purchases!",FALSE,0
FALSE,dbwl4vo,t1_dbwd2n1,null,1483370803,t5_2qqjc,1485714961,null,null,0,t3_5li0ub,3,LeMot-Juste,todayilearned,"The daily shopping thing is dependent on your grocery shop being easy to walk to, easy to pop by, rather than the huge production it takes to go to your average US grocery store (parking lots alone make shopping not worth the aggravation.)  It would be nice if our US neighborhoods could be rezoned to have corner shops again, inside the slurbian sprall.",FALSE,0
FALSE,dbwl692,t1_dbwd11j,null,1483370868,t5_2qqjc,1485714979,null,null,0,t3_5li0ub,1,LeMot-Juste,todayilearned,"Heh, funny ain't it!",FALSE,0
FALSE,dbwlj02,t1_dbwayyh,null,1483371476,t5_2qqjc,1485715151,null,null,0,t3_5li0ub,1,LeMot-Juste,todayilearned,That's unfortunate (I haven't been to Ireland.) Too bad Ireland can't be a little more continental in that regard.,FALSE,0
FALSE,dbwlqkr,t1_dbw9xg9,null,1483371833,t5_2qqjc,1485715254,null,null,0,t3_5li0ub,1,LeMot-Juste,todayilearned,"It would seem TO YOU, but it actually goes much faster if <SHOCK> the customer isn't just standing over the cashier with their credit card, waiting for the cashier to both ring up sales and bag the groceries.    It's possible <SHOCK> for the customers to learn for themselves how not to squash the soft stuff.  Also, in the urban EU places I've lived, shopping isn't done just once a week, so it's not like mama's Explorer needs to be bursting full of groceries that she packed herself.",FALSE,0
FALSE,dbwu9sy,t1_dbwrc6f,null,1483383375,t5_2qqjc,1485719441,null,null,0,t3_5li0ub,1,LeMot-Juste,todayilearned,"Then maybe WE should change and quit building toxic slurbia where the zoning doesn't allow for parks or corner stores, so we all live in our safe little boxes.",FALSE,0
FALSE,dbwug37,t1_dbwscyw,null,1483383591,t5_2qqjc,1485719524,null,null,0,t3_5li0ub,1,LeMot-Juste,todayilearned,I never ask permission.  I just start bagging my stuff in boxes or my bags as soon as the cashier pushes them through.,FALSE,0
FALSE,dbwvnci,t3_5lmm9i,null,1483385040,t5_2qh3l,1485720121,null,null,0,t3_5lmm9i,7,LeMot-Juste,news,"Such a stupid fucked up kid.  Whatever older person sent him down this path should be on trial, too.",FALSE,0
FALSE,dbx472b,t1_dbx0f9a,null,1483395956,t5_2qh13,1485724359,null,null,0,t3_5lhnel,1,LeMot-Juste,worldnews,"So less beef, more goat and sheep, more potatoes and less wheat or corn, not starvation only different.  Canada will surely sign excellent trade agreements with the blues.  The blues have been ahead of the reds in alternative energies, too.",FALSE,0
FALSE,dbx4mxa,t1_dbx2iii,null,1483396538,t5_2qqjc,1485724577,null,null,0,t3_5li0ub,1,LeMot-Juste,todayilearned,"I've never seen a slurbia situation with stores within walking distance.  It's all drive, drive, drive and almost no casual exercise.  Here's a WSJ article about the various health benefits to both environments -  http://www.wsj.com/articles/SB10001424052702304793504576434442652581806  There are almost no public parks in my New South city.  Okay, one, for the whole city and a couple out in the suburbs. And none of them can be accessed by mass transit or on foot.  It's sort of embarrassing to compare the public spaces around here to the ones in the EU or up north.",FALSE,0
FALSE,dbxmu8z,t1_dbxkw35,null,1483421352,t5_2qh3l,1485733737,null,null,0,t3_5lmm9i,1,LeMot-Juste,news,"No, there had to be one person who fed him the idea and then somehow backed him into a corner about it.  Sure Dylann had regular old racism in his life from birth.  But there are lots of stupid kids like Dylann raised in racist environments who don't shoot up black churches.",FALSE,0
FALSE,dbxngjr,t3_5lq23b,null,1483422427,t5_2qh3l,1485734050,null,null,0,t3_5lq23b,11,LeMot-Juste,news,"Sure, but those Mormons making money off porn in Nevada and in their Marriot hotels aren't too unsettled about it since the money is good.",FALSE,0
FALSE,dby89vf,t1_dby7ohq,null,1483465050,t5_2qh13,1485744739,null,null,0,t3_5lsz6v,6,LeMot-Juste,worldnews,"Yep, has been for about 5 years now.  ",FALSE,0
FALSE,dby8be5,t1_dby6ta1,null,1483465099,t5_2qh13,1485744761,null,null,0,t3_5lsz6v,2,LeMot-Juste,worldnews,Assange keeps acting in the best interests of Vlad.  Coincidence?,FALSE,0
FALSE,dby8gwa,t1_dby6yhh,null,1483465275,t5_2qh13,1485744848,null,null,0,t3_5lsz6v,0,LeMot-Juste,worldnews,"A media whore for hire, stuck in a basement against the findings of all 16 intelligence agencies in DC, and all of Congress.  Your loyalty isn't at all impressive.",FALSE,0
FALSE,dby9trv,t1_dby8jdm,null,1483466845,t5_2qh13,1485745543,null,null,0,t3_5lsz6v,1,LeMot-Juste,worldnews,"Just like Assange deemed the RNC info from the leaks, unimportant.  Heh.  So worthy of our trust.",FALSE,0
FALSE,dbyabb1,t1_dbya111,null,1483467409,t5_2qh13,1485745792,null,null,0,t3_5lsz6v,1,LeMot-Juste,worldnews,"Why should I?  If you are curious, as I was, you can look it up for yourself.  If you want to ignore the widespread support of the FBI and CIA conclusions, from no less than bipartisan members of Congress and differing agencies, in favor of a fellow doing everything he can to keep the media focused on him, there ain't much I can do to help you.",FALSE,0
FALSE,dbyan97,t1_dbyaiy2,null,1483467791,t5_2qh13,1485745957,null,null,0,t3_5lsz6v,1,LeMot-Juste,worldnews,Word of advice - people aren't usually supportive of those wound too tightly. They are simply nodding in agreement and backing away slowly.,FALSE,0
FALSE,dbyawcq,t1_dbyasx2,null,1483468077,t5_2qh13,1485746081,null,null,0,t3_5lsz6v,1,LeMot-Juste,worldnews,More than one would think!  I'm lucky that way.,FALSE,0
FALSE,dbydysf,t1_dbycxnn,null,1483471521,t5_2qh13,1485747572,null,null,0,t3_5lsz6v,1,LeMot-Juste,worldnews,Impressive or silly?,FALSE,0
1483471981,dbye5pr,t1_dbybdq9,null,1483471736,t5_2qh13,1485747665,null,null,0,t3_5lsz6v,1,LeMot-Juste,worldnews,Woah Nelly!  I know Assange is a media whoring nihilist who gives not one fuck about anyone other than himself...and Vlad because it looks like he's forced to now.  Thanks for the long list though.  I will use much of it in future.  Edit:  I also know Russia hacked us.  Edit2: You left out Assange's condemnation of the Panama Papers since they didn't come through Wilkileaks and the information was damaging to Vlad and the Kleptocrats.,FALSE,0
FALSE,dbyehlo,t1_dbybfqa,null,1483472107,t5_2qh3l,1485747825,null,null,0,t3_5lmm9i,1,LeMot-Juste,news,"True.  Many it's simply a feeling I have, but like Timothy McVeigh, Roof gives off a feeling of self imposed martyrdom that someone, somewhere, told him was a noble role and he would be a hero of a future White Pride civilization that is planning on take America ""back"".",FALSE,0
FALSE,dbyjisx,t1_dbyjdd0,null,1483477588,t5_2qh13,1485750270,null,null,0,t3_5lsz6v,1,LeMot-Juste,worldnews,"Make that part of your EHarmony profile!  I'm serious, it could work!",FALSE,0
FALSE,dbz21cg,t1_dbyt73t,null,1483500795,t5_2qqjc,1485759704,null,null,0,t3_5lu1wc,2,LeMot-Juste,todayilearned,I was just about to post this.  One can even see in Leonardo's drawings the hands and tools of the physician doing the dissection sometimes.,FALSE,0
FALSE,dc1b9w9,t1_dc1b28i,null,1483633688,t5_2qh3l,1485800543,null,null,0,t3_5m77yq,1,LeMot-Juste,news,"They all do.  Last time I went to the Mall, ages ago, it looked like all the stores bought their clothing from the same Chinese factory that produced cheap acrylics in the same colors.",FALSE,0
FALSE,dc1bcc1,t1_dc1b0tm,null,1483633769,t5_2qh3l,1485800576,null,null,0,t3_5m77yq,7,LeMot-Juste,news,"Maybe a single result?  If he didn't crow so much about what he's doing for us all already, it wouldn't be an issue.  So far, it looks like he's Vlad's PR firm and he wants to destroy our healthcare.",FALSE,0
FALSE,dc1x4lr,t3_5m91sh,null,1483658363,t5_2qhva,1485811316,null,null,0,t3_5m91sh,1,LeMot-Juste,hacking,"This article ways the FBI never requested the servers.  That does not, however, mean those servers weren't voluntarily offered or through other means the FBI was allowed to examine them  Stupid conclusion in the headline there.",FALSE,0
FALSE,dc20v10,t1_dc20l8i,null,1483663205,t5_2qhva,1485813170,null,null,0,t3_5m91sh,1,LeMot-Juste,hacking,"And who has a contract with the FBI, like so many other contractors.  Why look!  It's Crowdstrike!  Oh I see, the hair you are splitting is that no formal FBI agent him or herself peaked inside the computer.  WELL!  That is scandalous furshure.",FALSE,0
FALSE,dc22dfx,t1_dc21f2h,null,1483665173,t5_2qhva,1485813917,null,null,0,t3_5m91sh,1,LeMot-Juste,hacking,  This article states the FBI never asked for the servers at all.  So the DNC could have offered up their servers voluntarily by that metric.,FALSE,0
FALSE,dc22egu,t1_dc217da,null,1483665210,t5_2qhva,1485813930,null,null,0,t3_5m91sh,1,LeMot-Juste,hacking,So?    Lots of FBI work is done by consultants.,FALSE,0
FALSE,dc243ir,t1_dc23lth,null,1483667421,t5_2qhva,1485814787,null,null,0,t3_5m91sh,1,LeMot-Juste,hacking,And it looks like Crowdstrike examined the server already at the request of the FBI.  Wah-WAAAAH!  Another bit of nothing from the Trumpers.,FALSE,0
FALSE,dc24tl0,t1_dc24nam,null,1483668351,t5_2qhva,1485815140,null,null,0,t3_5m91sh,1,LeMot-Juste,hacking,So the server has been examined by a company that is a consultant of the FBI.  What more hairs do you have to split?,FALSE,0
FALSE,dc2arjv,t1_dc24zlv,null,1483676286,t5_2qhva,1485818045,null,null,0,t3_5m91sh,1,LeMot-Juste,hacking,Crowdstrike wasn't a private investigator.  They've worked for the FBI before.  I'd call the DNC damn prescient for not giving their servers to the FBI directly after the business with Comey.  The interests of the FBI were hardly clean.  So Crowdstrike examined the server.  So what?  What's that to the FBI or YOU if Crowdstrike is an FBI contractor anyway?,FALSE,0
FALSE,dc3t7qb,t1_dc3qyh3,null,1483760049,t5_2qh3l,1485844527,null,null,0,t3_5mgy00,44,LeMot-Juste,news,"Yeah, the one Assange editted to make it look like our troops targeted civilians...and people still support Assange after that.",FALSE,0
FALSE,dc3t9rd,t1_dc3l671,null,1483760133,t5_2qh3l,1485844554,null,null,0,t3_5mgy00,46,LeMot-Juste,news,"Nah, Assange pretended he was missing for more attention from his flock.  Typical cult leader bullshit.",FALSE,0
FALSE,dc3v2nb,t1_dc3u98d,null,1483763001,t5_2qh3l,1485845419,null,null,0,t3_5mgy00,45,LeMot-Juste,news,"The leftists I know turned on Assange when Wikileaks became the Assange show, and he turned on the USA with all his narcissistic media skills.  A lot of leftiests like myself really do love our country.  It's very hard to communicate that, because we are drowned out by flags and Lee Greenwood, but we do. When Assange deliberately changed Wikileaks to attack any and all things American, it disgusted many of us.  Personally, when I first came onto reddit and read the conversations by Assange supporters, I found it appallingly naive and almost indecent.",FALSE,0
FALSE,dc4810e,t1_dc43tqx,null,1483796253,t5_2qh3l,1485851653,null,null,0,t3_5mgy00,4,LeMot-Juste,news,I'm glad you shared this and I'm glad you are a citizen in my country.,FALSE,0
FALSE,dc4ncra,t1_dc4m4fn,null,1483820370,t5_2qh3l,1485859241,null,null,0,t3_5mgy00,2,LeMot-Juste,news,"Nope.  He released the editted version.  There was an outcry by smart folks that this was a pasted together version of events.  Assange released another version, that was still editted heavily.  To date, Assange has not released the entire video.  So much for his claim that he is merely the messenger, not the constructor of the message.",FALSE,0
FALSE,dc4p2fn,t1_dc4o8ir,null,1483822750,t5_2qh3l,1485860065,null,null,0,t3_5mgy00,1,LeMot-Juste,news,"I've seen a short one, 5 minutes or so, and a longer one that still looked hashed together.  ",FALSE,0
FALSE,dc4vmyw,t1_dc4vbeb,null,1483831348,t5_2qh3l,1485863234,null,null,0,t3_5mgy00,1,LeMot-Juste,news,Tell me what you observed...if you have the time that is.,FALSE,0
1483844901,dc4xvay,t1_dc4w19m,null,1483834375,t5_2qh3l,1485864308,null,null,0,t3_5mgy00,1,LeMot-Juste,news,"Yeah, it really is terrible.  That's what happens when a country commits to war.  The only way to keep civilians safe is to not go to war at all (well, unless one wants to return to 18th century warfare were fields were suggested, battle formations were set up like chess pieces.)",FALSE,0
FALSE,dc8umm9,t3_5n4wke,null,1484064634,t5_2qh13,1485933467,null,null,0,t3_5n4wke,0,LeMot-Juste,worldnews,"Taxing vodka, like Gorbachov did, would be a better solution to Russia's enormous problems.",FALSE,0
FALSE,dc97gz0,t3_5n6igf,null,1484079156,t5_2qh3l,1485939800,null,null,0,t3_5n6igf,0,LeMot-Juste,news,Tell me there was no one or group encouraging Roof to take this on as a martyr for their cause.  ,FALSE,0
1484333933,dcdx9p6,t3_5nsclz,null,1484333204,t5_2qh3l,1486022832,null,null,0,t3_5nsclz,24,LeMot-Juste,news,"When did Obama call out a news source and call them liars at a national press conference?  For that matter, when did Obama need paid staff to applaud him and laugh at his jokes during a presser?  And when did Obama answer two questions and then flounce away like a teary debutante?  Lastly, when did Obama point to a stack of blank pages as his legal documents?",FALSE,0
FALSE,dcdxbug,t1_dcdx5sg,null,1484333271,t5_2qh3l,1486022860,null,null,0,t3_5nsclz,14,LeMot-Juste,news,"Not to defend CNN, which is a terrible network giving us panels of surrogates rather than news, but when have they accused other networks of falsity?",FALSE,0
FALSE,dcdxf35,t3_5nsfqg,null,1484333371,t5_2qh3l,1486022903,null,null,0,t3_5nsfqg,7,LeMot-Juste,news,"Oh wow, 13 mill, that'll teach em.  ",FALSE,0
FALSE,dcdxn4w,t1_dcdxkos,null,1484333618,t5_2qh3l,1486023010,null,null,0,t3_5nsclz,15,LeMot-Juste,news,"So?  Where did he say that Fox was fake news, at a presser, the way Mr. Trump did?  Where has Obama EVER called Fox fake news?",FALSE,0
FALSE,dcdxoji,t1_dcdx9rw,null,1484333661,t5_2qh3l,1486023030,null,null,0,t3_5nsclz,7,LeMot-Juste,news,"Eh, he's not a journalist or even a decent news anchor.  He has to make up stories on his hurt fee-fees.",FALSE,0
FALSE,dcdy78j,t1_dcdxz8m,null,1484334231,t5_2qh3l,1486023280,null,null,0,t3_5nsclz,12,LeMot-Juste,news,"Okay, so you are admitting that Obama never called FOX fake news.  Pulling teeth I tell ya...  What legislation would have banned FOX from press conferences?  Oh dear, That Super Sleuth Joe Arpaio has sunk his teeth into you, I see!  Gosh, let's put Sherlock Arpaio on all our unsolved mysteries.  Assange is a lying sack of shit.  I thought he was dead, according to you guys?",FALSE,0
FALSE,dcdyr6v,t1_dcdymy0,null,1484334850,t5_2qh3l,1486023546,null,null,0,t3_5nsfqg,5,LeMot-Juste,news,Cut the pay of the cleaning people and add a surcharge to their customers' bills is more like it.  Those corporate retreats are necessary downtime for the hard working scam artists.,FALSE,0
FALSE,dcdzakh,t1_dcdyzae,null,1484335449,t5_2qh3l,1486023805,null,null,0,t3_5nsclz,12,LeMot-Juste,news,"Okay, since you can't recollect how exactly Obama was trying to eject FOX from news conferences, I'm going to have to assume you don't really know and that you have taken the accusation on faith from a biased source.  Would that be wrong of me?  Russia has been sanctioned twice for good reasons.   A network cannot be sanctioned by the president.  Oh I think Arpaio believes every word he speaks, but they are wrong anyway if not totally irrelevant.  There is no comparison between what one ex-sheriff says and the conclusions of huge intel agencies.  These are not equal sources of real information.  FOX doesn't retract stories.  The let lies sit there, constantly, even when proven wrong.  A retraction is a GOOD thing, not a bad thing.  You like it when people admit their mistakes, I assume.",FALSE,0
FALSE,dcdzu06,t1_dcdzodr,null,1484336063,t5_2qh3l,1486024065,null,null,0,t3_5nsclz,2,LeMot-Juste,news,"yeah, and still knee deep in legal issues, too!  Wonder if he imagined Mr. Trump would give him a job if he recycled some birther bullshit?",FALSE,0
FALSE,dce0x7t,t1_dce0qkg,null,1484337280,t5_2qh3l,1486024588,null,null,0,t3_5nsclz,5,LeMot-Juste,news,"Still not an answer.  When did Obama call a news source liars?   Parenthetically, why is it the President's job to correct the news when it doesn't fit your biases?",FALSE,0
FALSE,dceab11,t1_dce7bcq,null,1484348572,t5_2qh3l,1486029098,null,null,0,t3_5nsclz,1,LeMot-Juste,news,"So everything Obama does is to rebuke Trump?  Have you looked yourself into the reasons Obama reduced sanctions on Sudan, or are you taking Fox's word for it?  Good news sources ALWAYS make mistakes.  It's part of the territory.   Fox never admits it's mistakes, which is not good for YOU, dude, not good for you at all.",FALSE,0
FALSE,dcebu9i,t1_dceaspj,null,1484350673,t5_2qh3l,1486029835,null,null,0,t3_5nsclz,1,LeMot-Juste,news,"No, Israel had absolutely NOTHING to do with Trump.  It was long in coming.  You really need better news sources than whiney old men who think everything is tit for tat or directly meant to insult them personally.",FALSE,0
FALSE,dcecctf,t1_dcec1s1,null,1484351398,t5_2qh3l,1486030084,null,null,0,t3_5nsclz,1,LeMot-Juste,news,It was NOT a sanction!  Not even close!  Israel is not effected one way or the other!  Stop it.  Just stop spreading the lies you are told by Fox or Alex or what ever source has made you a part of a cult!,FALSE,0
FALSE,dcecvr5,t1_dcechxw,null,1484352145,t5_2qh3l,1486030338,null,null,0,t3_5nsclz,1,LeMot-Juste,news,But it was NOT a sanction!,FALSE,0
FALSE,dcedbeh,t1_dced8q4,null,1484352766,t5_2qh3l,1486030547,null,null,0,t3_5nsclz,1,LeMot-Juste,news,"Nope not the least bit like a sanction.  We abstained from voting because Israel continues to steal land and build settlements.  That is all.  No sanctions, no rebuke, and nothing related to Trump.",FALSE,0
FALSE,dceee0i,t1_dcee2nm,null,1484354304,t5_2qh3l,1486031064,null,null,0,t3_5nsfqg,1,LeMot-Juste,news,Lol.  They are financial companies who regularly try to sneak in charges hoping their clients never notice and never contest.,FALSE,0
FALSE,dcgqzjb,t1_dcgqklb,null,1484506924,t5_2qh13,1486073302,null,null,0,t3_5o5kth,7,LeMot-Juste,worldnews,"Wow, that's a hell of a conspiracy you have built there to circumvent the truth of the foreign influence on USA elections.",FALSE,0
FALSE,dcgr9rt,t3_5o5kth,null,1484507304,t5_2qh13,1486073453,null,null,0,t3_5o5kth,7,LeMot-Juste,worldnews,"Intelligence insiders from the Kremlin, no doubt.  Or intelligence insiders from the new USA State Media of Breitbart - let's force them to except our Truthiness!",FALSE,0
FALSE,dcgsh58,t1_dcgrpnv,null,1484508896,t5_2qh13,1486074056,null,null,0,t3_5o5kth,1,LeMot-Juste,worldnews,"Was it Russian intel?  That hasn't been ascertained has it.  So far, there are other agencies who watched closely the movements of Trump on his many many visits to Russia over the years.",FALSE,0
FALSE,dcgto0z,t1_dcgt22m,null,1484510449,t5_2qh13,1486074679,null,null,0,t3_5o5kth,1,LeMot-Juste,worldnews,Okay so you are supportive of the Steele documents then?  I am. ,FALSE,0
FALSE,dcgu9k2,t1_dcgu4gc,null,1484511224,t5_2qh13,1486074980,null,null,0,t3_5o5kth,1,LeMot-Juste,worldnews,I never said that.  Go reread or find the person you'd like to argue with.,FALSE,0
FALSE,dch4zyv,t1_dch2ifb,null,1484524270,t5_2tycb,1486080490,null,null,0,t3_5o429s,5,LeMot-Juste,OldSchoolCool,Psych!  We're not!  Welcome to the New Now.,FALSE,0
FALSE,dch51a0,t1_dcgt3lw,null,1484524315,t5_2tycb,1486080508,null,null,1,t3_5o429s,4,LeMot-Juste,OldSchoolCool,Naaaah!  Many people just hated having a black president on principle.  ,FALSE,0
FALSE,dch52vf,t1_dcgtf7t,null,1484524371,t5_2tycb,1486080530,null,null,0,t3_5o429s,8,LeMot-Juste,OldSchoolCool,"Nope, up to his ears in debt and trying to fix that by becoming president.  Thank-you for electing a king who will use our funds to pay off his debts.  So smart!",FALSE,0
FALSE,dch562x,t1_dcgu7p4,null,1484524486,t5_2tycb,1486080578,null,null,0,t3_5o429s,3,LeMot-Juste,OldSchoolCool,"Yep.  But your party only wins when it can suppress the vote, gerrymander and commit treason through the use of foreign powers to interfere with elections.  ",FALSE,0
FALSE,dch57kb,t1_dch1nfe,null,1484524531,t5_2tycb,1486080600,null,null,0,t3_5o429s,1,LeMot-Juste,OldSchoolCool,Yet you are the one triggered by a photo of Obama.  That's some sad little snowflake shit there dude.,FALSE,0
FALSE,dchju4z,t1_dchjno1,null,1484543827,t5_2tycb,1486088007,null,null,0,t3_5o429s,1,LeMot-Juste,OldSchoolCool,Sounds like you've answered your own question to your own satisfaction.  So why ask me anything?,FALSE,0
FALSE,dcjgdow,t3_5ofmio,null,1484662472,t5_2qh53,1486121754,null,null,0,t3_5ofmio,2,LeMot-Juste,history,"Please get these to an art restorer!  Or at least consult a Civil War museum on how to preserve them.  Your ggg uncle produced some one-of-a-kind documents there (talented fellow as well). You must make sure they are preserved for the future.  BTW, scanning can damage drawings like this.",FALSE,0
FALSE,dcjvt34,t3_5oibhw,null,1484681326,t5_2qh13,1486129409,null,null,0,t3_5oibhw,0,LeMot-Juste,worldnews,Why should be care what a sad little dictator of a dying nation says?  Why should he care so so much about Trump?  ,FALSE,0
FALSE,dcla9fh,t1_dcl8b57,null,1484760777,t5_2qh13,1486154777,null,null,0,t3_5oq6qc,5,LeMot-Juste,worldnews,And the UK 12 month sentence for jumping bail...,FALSE,0
FALSE,dclabkt,t1_dcl9shc,null,1484760844,t5_2qh13,1486154808,null,null,0,t3_5oq6qc,7,LeMot-Juste,worldnews,Awesome information!  Thank you for this!,FALSE,0
FALSE,dcladnx,t1_dcl8o23,null,1484760911,t5_2qh13,1486154840,null,null,0,t3_5oq6qc,8,LeMot-Juste,worldnews,"ME!!  And many many like me, who see Assange for the lying sack of shit he is.",FALSE,0
FALSE,dclail4,t1_dcl9n1a,null,1484761064,t5_2qh13,1486154910,null,null,0,t3_5oq6qc,4,LeMot-Juste,worldnews,"Hell no.  The information does NOT excuse Russia for the hacking or Assange for the publishing as HE saw fit, and editted for HIS narrative.  ",FALSE,0
FALSE,dclamkv,t1_dcl850p,null,1484761190,t5_2qh13,1486154965,null,null,0,t3_5oq6qc,3,LeMot-Juste,worldnews,"No, they know Assange is a lying sack of shit and doesn't deserve the respect of even signifying his existence.  There are no charges against Assange from the USA.  He will be in the hands of the UK and Sweden should he step away from that embassy.",FALSE,0
FALSE,dclfi5p,t1_dclexwm,null,1484766553,t5_2qh13,1486157365,null,null,0,t3_5oq6qc,4,LeMot-Juste,worldnews,"Excuse me?????   The Swedish investigators have been to that embassy many times, as agreed to by Assange, and HE has fucking jerked their chain, said he forgot the date, said his lawyer was out of town, said he was sleeping.  Fucking do not believe that lying sack of shit, stop it!  No Swedish officials have waited at all.  They've been there numerous times, with Assange playing games with them.  Your tl;dr has nothing to do with Assange in the slightest.  Maybe you should start reading some British papers if you want to claim any understanding of their political crisis right no, irrespective of anything Assange.  ",FALSE,0
FALSE,dclg568,t1_dclfxds,null,1484767251,t5_2qh13,1486157682,null,null,1,t3_5oq6qc,0,LeMot-Juste,worldnews,"Oh, I see, too complicated for you.  It's a sad thing when a person uses Big Conspiracy to cover for their own deficiencies.",FALSE,0
FALSE,dclmaxv,t1_dclixgp,null,1484773958,t5_2qh13,1486160733,null,null,0,t3_5oq6qc,0,LeMot-Juste,worldnews,"Right, so distrust everyone except The Assange!  Just like Scientologists trust no one but El Ron Hubbard!  Make sure never to gain the critical thinking or reading skills that might afford you valuable tools for discerning all media, Heck No!",FALSE,0
FALSE,dclnqjq,t1_dclmn2h,null,1484775536,t5_2qh13,1486161431,null,null,0,t3_5oq6qc,1,LeMot-Juste,worldnews,">Saying ""read a newspaper"" is a pretty ignorant statement.  How so?  There are many, many English language newspapers.  Take your pick, read many,  and learn to discern information from attititude.  It will do you a world of good.  That is hardly the same as recommending MSM or any of it's conduits.  I'll compare a guy who fakes his death, participates in the thrill of r/conspiracy, for a delicious thrill, as much much worse than Hubbard if you like.",FALSE,0
FALSE,dcmakoi,t1_dclo1p8,null,1484806479,t5_2qh13,1486172977,null,null,0,t3_5oq6qc,1,LeMot-Juste,worldnews,"Yeah, at least El Ron was honest that he was creating a religion with all it's foibles.  Assange just wants the adoration.",FALSE,0
1484841270,dcmoj32,t1_dcmbq8f,null,1484838886,t5_2qh13,1486180056,null,null,0,t3_5oq6qc,1,LeMot-Juste,worldnews,"At least I gave you a FABULOUS excuse to feel that delicious outrage there!  Maybe you should thank me?  Never did I say they were equivalent.  BUT both Assange and Hubbard depended on absolute belief in their flock and they both insist(ed) they are the only source of good, pure, correct information.  If you don't see the connection, I'm sorry about that.  I hope you do someday so you will be taken advantage of less.",FALSE,0
FALSE,dcmq02y,t1_dcmp73j,null,1484840750,t5_2qh13,1486180786,null,null,0,t3_5oq6qc,1,LeMot-Juste,worldnews,"Because Hubbard is a recognizable entity of potential wholesale corruption easily avoided - religion.  Assange sparks the same devotion in his flock, without the label which can be avoided, but amounts to the same thing - I speak the Truth, listen to No One else!",FALSE,0
FALSE,dcmqq8i,t1_dcmq9iq,null,1484841630,t5_2qh13,1486181149,null,null,0,t3_5oq6qc,1,LeMot-Juste,worldnews,">You are a part of that majority who takes everything at face value and clearly doesn't do any research. Your opinion is formed on absolutely nothing  <sigh> You've just proven me correct, you know.  This is EXACTLY what Scientologists say in defense of Hubbard - that no one else has looked as deeply, as intelligently, into reality as themselves in the interests of Hubbard.  Maybe you shouldn't jump to the conclusion that others are less informed than you are.  Maybe you don't have super special knowledge based on one source alone.  This is the exact mentality that produces cults - only one source of knowledge is necessary to be superiorly informed.  We of the cult have more knowledge.  We of the cult have committed to true learning.  It ain't so.  That is all I'm saying, and only people who need utter adoration from their followers, like Assange and Hubbard, would encourage you to think that way.",FALSE,0
FALSE,dcms0s0,t1_dcmrote,null,1484843129,t5_2qh13,1486181869,null,null,1,t3_5oxf7k,7,LeMot-Juste,worldnews,"Oh is that it?  Nobody was nice enough to the racist Trump voter who cheered the mocking of the handicapped?  Are you saying a hug would have changed your vote?  Bullshit.  You've displayed yourself to be terrible people, that is all.    And ultimately, you need us, the people who will fight for your rights and protections, more than we need you, those who vote for a racist, an incompetent, and a Congress full of theives and destruction.",FALSE,0
FALSE,dcms8m2,t3_5oxf7k,null,1484843376,t5_2qh13,1486181978,null,null,0,t3_5oxf7k,2,LeMot-Juste,worldnews,Of course not!  The guy who lives in a basement because he can't face questioning by Swedish investigators isn't going to come out to prove he doesn't break promises.  There's too much attention to be gained down there.,FALSE,0
FALSE,dcmshu3,t1_dcmrvun,null,1484843673,t5_2qh13,1486182110,null,null,0,t3_5oq6qc,1,LeMot-Juste,worldnews,"> First of all that is literally everyone's way of thinking.... Everyone thinks their way of thinking is superior,  Nope, that is not how everyone thinks and you are making that assumption to make your own lazy thinking feel like the norm.  ""Everybody does it!""  That's not a valid excuse, and again, one often used by cults.  >So I ask you again, how is it that Assange's followers show cultish behaviour?  Again - depending on one source of information, that demands utter devotion, for all things labeled Knowledge.  The rejection of new information if it threatens Source is CLASSIC culty thinking.",FALSE,0
1484847322,dcmubie,t1_dcmssuh,null,1484845780,t5_2qh13,1486183025,null,null,1,t3_5oxf7k,0,LeMot-Juste,worldnews,"I expect all large groups of people committed to flawed systems of thinking and belief to lash out.  What Earth do you live on where people, holding the most irrational beliefs as the ultimate Truth, aren't the ones most likely to ""lash out?""  >Trump won because people were tired of being demonized for being conservative  Overlooking the fact that his and the Repub was predicated on voter suppression, gerrymandering, the help of a foreign dictator, the organizing and dissemination of fake news stories, the complicity of one FBI director and the anger of having a black president, sure, the GOP won fair and square...  >Also, Democrats are no better than Republicans.  Right, the party that wants to maintain food and drug safety agencies.  The party that would protect our right to clean air and water.  The party that would fight for voters rights.  The party that would keep children of the poor fed and schooled and have their medical needs met.  The party that keeps agencies like FEMA alive to help with natural disasters.  The party which every single time they control government the deficit and debt go down.  The party which built HIPA standards, work place safety laws, fights for a living wage for all Americans.  The party that protects national parks and public lands and resources.  ...  Is EXACTLY like the Republican Party.  FFS, you people...   ",FALSE,0
FALSE,dcmv4pz,t1_dcmupgc,null,1484846691,t5_2qh13,1486183441,null,null,0,t3_5oxf7k,1,LeMot-Juste,worldnews,"Aw, so your hurt fee fees were the reason you voted for a disaster!  Salty salty tears or we vote for Russia!",FALSE,0
FALSE,dcmyyoy,t1_dcmxp7b,null,1484850950,t5_2qh13,1486185403,null,null,0,t3_5oxf7k,-1,LeMot-Juste,worldnews,So it's all a Super Bowl to you?  The best team wins?  You'll vote against your own best interests because man that quarterback really cranks your clock?  I voted Hillary after supporting Bernie not because she personally attracted me or I felt she was great.  I just knew what this country stood to lose if we didn't have democrats in government.    Too bad for all of us your Sports = Voting won the day.,FALSE,0
FALSE,dcn11hh,t1_dcn0fq8,null,1484853246,t5_2qh13,1486186473,null,null,0,t3_5oxf7k,1,LeMot-Juste,worldnews,"November, I think it was, that Assange FINALLY didn't weasel out of any attempts by Swedish investigators like he has been doing for years.  Assange still jumped bail in the UK, and lost all the donors' money that covered his bail.  He will be arrested for this if he steps out of that embassy.  We also do not know if the questioning by Swedish investigators will lead to any new charges.  So, Jules ain't in the middle of espionage central, sacrificing his life for the cause, with the CIA threatening him from on high.  He's more akin to trailer trash with a sex investigation hounding him and who screwed his relatives who put up their homes as bail for his release.  Assange really isn't anything more than that, except he's currently running information for a cartel leader named Vlad.",FALSE,0
FALSE,dcn1dd7,t1_dcn0l87,null,1484853614,t5_2qh13,1486186639,null,null,0,t3_5oxf7k,0,LeMot-Juste,worldnews,"The weaknesses of Hillary are well known.  I groaned when I heard she was throwing her hat in the ring.    That is of no matter when the opposing party depends on suppressing the vote, gerrymandering, fake news and the influence of Vlad to win their elections.  Sure, there should be enormous changes in the DNC.  That is true.  I'd like to see them rebuild support from the bottom again, going back to their Progressive roots.  That does not mean, however, that a thoroughly morally bankrupt entity like the GOP deserved to win anything, at all!  That's a cop out.  ",FALSE,0
FALSE,dcp9w4i,t1_dcp383u,null,1484970604,t5_2qh3l,1486227804,null,null,1,t3_5p7qse,-5,LeMot-Juste,news,How do you figure anarchists are morons?,FALSE,0
FALSE,dcp9x3s,t1_dcp8iap,null,1484970651,t5_2qh3l,1486227817,null,null,1,t3_5p7qse,-4,LeMot-Juste,news,"Oh good false equivalence!  Man, that lazy thinking never seems to die.",FALSE,0
FALSE,dcp9yhu,t1_dcp5rw5,null,1484970713,t5_2qh3l,1486227836,null,null,1,t3_5p7qse,16,LeMot-Juste,news,"Breitbart is the state sponsored fake news now, you know.",FALSE,0
FALSE,dcp9zo0,t1_dcp9hkq,null,1484970766,t5_2qh3l,1486227853,null,null,0,t3_5p7qse,32,LeMot-Juste,news,"Excuse me?  You make that assertion, you have to prove it.  SPLC is libelous how?",FALSE,0
FALSE,dcpa1rs,t1_dcp9pbj,null,1484970869,t5_2qh3l,1486227884,null,null,1,t3_5p7qse,-2,LeMot-Juste,news,"Like you ever did.  Voting against your own best interests has long been your calling, admit it.",FALSE,0
FALSE,dcpa29s,t1_dcp3w41,null,1484970891,t5_2qh3l,1486227892,null,null,0,t3_5p7qse,53,LeMot-Juste,news,How is this fascist?,FALSE,0
FALSE,dcpa2wf,t1_dcp8d0k,null,1484970920,t5_2qh3l,1486227901,null,null,1,t3_5p7qse,0,LeMot-Juste,news,Oh I doubt that.  Wait till tomorrow.,FALSE,0
FALSE,dcpa3qu,t1_dcp31mi,null,1484970961,t5_2qh3l,1486227912,null,null,0,t3_5p7qse,-7,LeMot-Juste,news,"The right are generally idiots, their worry and dismay is manufactured for Geico sales.",FALSE,0
FALSE,dcpa5je,t1_dcp8kyd,null,1484971043,t5_2qh3l,1486227939,null,null,1,t3_5p7qse,-1,LeMot-Juste,news,So in other words your conservative friends were idiots.  Trump's first act as president was to begin dismantleing public healthcare options.  It's not a fiction.,FALSE,0
FALSE,dcpa6tb,t1_dcp3ubn,null,1484971102,t5_2qh3l,1486227957,null,null,0,t3_5p7qse,-9,LeMot-Juste,news,"Sure it has a positive purpose.  Who ever watches the peaceful protests?  For that matter, who ever reports them?",FALSE,0
FALSE,dcpafme,t1_dcpaceo,null,1484971499,t5_2qh3l,1486228082,null,null,0,t3_5p7qse,5,LeMot-Juste,news,You called SPLC libelous.  Where is your proof?,FALSE,0
FALSE,dcpag0i,t1_dcpa8ku,null,1484971519,t5_2qh3l,1486228087,null,null,1,t3_5p7qse,-2,LeMot-Juste,news,How are they fascists?,FALSE,0
FALSE,dcpam6q,t1_dcpajau,null,1484971810,t5_2qh3l,1486228176,null,null,1,t3_5p7qse,0,LeMot-Juste,news,Yet it is not the only public healthcare OPTION.  The ACA might not be a public agency (though it should be) but it demands options from the insurance industry for total coverage of the US public.,FALSE,0
FALSE,dcpao8r,t1_dcpahdd,null,1484971906,t5_2qh3l,1486228206,null,null,1,t3_5p7qse,4,LeMot-Juste,news,"Yet today, the ACA is being fought for, and far more popular then Mr. Trump himself.  Funny, it seems like the middle class is having second thoughts.  If you want something better, fight for a public option like every single Western nation has and even places like Hong Kong and Costa Rica.",FALSE,0
FALSE,dcpap2n,t1_dcpagj0,null,1484971945,t5_2qh3l,1486228217,null,null,0,t3_5p7qse,5,LeMot-Juste,news,"Is that supposed to be proof?  Is that why you voted for Mr. Trump, because that is proof to you?",FALSE,0
FALSE,dcpar49,t1_dcpahdd,null,1484972042,t5_2qh3l,1486228247,null,null,0,t3_5p7qse,-5,LeMot-Juste,news,I will say the US depends on the middle class to finance everything the 1%s should be financing...but don't blame those who want healthcare for that.  Blame your elected NYC rich boy Douchebag and your Congress of morally bankrupt Republicans.,FALSE,0
FALSE,dcpav2p,t1_dcpasdu,null,1484972223,t5_2qh3l,1486228305,null,null,1,t3_5p7qse,0,LeMot-Juste,news,Perhaps this will help you with that confusion of yours -  http://www.rense.com/general37/char.htm,FALSE,0
FALSE,dcpazrg,t1_dcpan20,null,1484972439,t5_2qh3l,1486228368,null,null,0,t3_5p7qse,3,LeMot-Juste,news,"Rand Paul is pretty worthless, actually, though I will admit he does seem more principled than most Republicans.  Still, that's a very low bar of comparison.",FALSE,0
FALSE,dcpbbq3,t1_dcpb3df,null,1484972991,t5_2qh3l,1486228533,null,null,0,t3_5p7qse,10,LeMot-Juste,news,Take your pick.  At least skim one and tell me what you think.  http://www.openculture.com/2016/11/umberto-eco-makes-a-list-of-the-14-common-features-of-fascism.html  http://www.activistpost.com/2012/03/14-defining-characteristics-of-fascism.html  http://explorepdx.com/britt.html   ,FALSE,0
FALSE,dcpbcw3,t1_dcpb6eb,null,1484973046,t5_2qh3l,1486228549,null,null,0,t3_5p7qse,7,LeMot-Juste,news,"Okay, that's fair.  Just so you know it's out there if you're ever curious.",FALSE,0
FALSE,dcpbldi,t1_dcpbdpg,null,1484973449,t5_2qh3l,1486228669,null,null,0,t3_5p7qse,3,LeMot-Juste,news,"Paul is interesting, for sure.  His views are always a curious twist not to be discarded.  Still, I don't think he and I blend very well.  My feeling is that our form of representative government is deeply flawed by design.  It was instituted by the wealthy for their complete benefit.  I don't think we are going to get much out of our government, as far as rights or benefits go, unless we find another FDR or we toss the whole thing and start over by building something closer to a coalition government.",FALSE,0
FALSE,dcpc4vx,t1_dcpby3b,null,1484974367,t5_2qh3l,1486228951,null,null,0,t3_5p7qse,3,LeMot-Juste,news,"Cool, stay safe at least :)",FALSE,0
FALSE,dcpcwya,t1_dcpckc3,null,1484975711,t5_2qh3l,1486229349,null,null,0,t3_5p7qse,10,LeMot-Juste,news,"Do you pay attention to peaceful protests?  Or do you deride them, call them pathetic, ignore them for some more violent news, or simply don't know peaceful protests exist?  Well, there is your purpose.  Violent protests are covered.  If you were more accepting and compromising with peaceful protests, violent protest would have no agency.  So take a bow.  This is the condition you helped create.",FALSE,0
FALSE,dcpd6d2,t1_dcpcwpu,null,1484976167,t5_2qh3l,1486229481,null,null,0,t3_5p7qse,-24,LeMot-Juste,news,Huffpo is no bastion of honesty.  It steals articles and ideas and dumbs them down for thier readers.  Buzzfeed is becoming a pretty respectable news source.  They have surprised me.,FALSE,0
FALSE,dcpddlo,t1_dcpd541,null,1484976525,t5_2qh3l,1486229585,null,null,0,t3_5p7qse,6,LeMot-Juste,news,"Okay, are you regularly reading about peaceful protests or watching for news about them on TV?  Or does the more violent behavior get your attention more?  I'm saying this because I've watched news teams cover protests.  They have a truly disgusting influence on protest they use to get the most exciting story that people will continue to watch.  They fan the flames, cynically, because it sells more Geico.  So if we refused to watch their bullshit, and focused on peaceful compromise and resolution, that would change things significantly.",FALSE,0
FALSE,dcpe3g8,t1_dcpdozm,null,1484977892,t5_2qh3l,1486229953,null,null,0,t3_5p7qse,-15,LeMot-Juste,news,"Don't twit, sorry, so you are going to have to explain yourself.",FALSE,0
FALSE,dcpe4ys,t1_dcpdovo,null,1484977974,t5_2qh3l,1486229975,null,null,0,t3_5p7qse,-3,LeMot-Juste,news,"I do not agree.  You're projecting a lot of drama mama there.  If you want to discuss this sometime, with less froth, I'll be happy to.  ",FALSE,0
FALSE,dcpedzn,t1_dcpe76b,null,1484978461,t5_2qh3l,1486230107,null,null,0,t3_5p7qse,-12,LeMot-Juste,news,"See, either you can explain it, or it isn't explainable.  Those are the options.",FALSE,0
FALSE,dcpeig2,t1_dcpe53m,null,1484978714,t5_2qh3l,1486230169,null,null,0,t3_5p7qse,-5,LeMot-Juste,news,"Yet the violent protesters are the only ones covered, and the only ones watched on the news, so there you go.  That's US dysfunction at it's finest.",FALSE,0
FALSE,dcpekc3,t1_dcpehnb,null,1484978824,t5_2qh3l,1486230196,null,null,0,t3_5p7qse,-10,LeMot-Juste,news,"Okay, and that is supposed to prove what?  People do shitty things to each other?  I know.    Or is anything proven, because that sounds awfully convenient to building up polarities.  If something is too good to seem true, it generally is.",FALSE,0
FALSE,dcpelcr,t1_dcpegvm,null,1484978880,t5_2qh3l,1486230209,null,null,0,t3_5p7qse,-3,LeMot-Juste,news,What is your point?  That you can't really discuss this because you are too drunk on your delicious outrage there?,FALSE,0
FALSE,dcpffmy,t1_dcpf4cj,null,1484980655,t5_2qh3l,1486230643,null,null,0,t3_5p7qse,1,LeMot-Juste,news,Cute story.  What has this to do with these anarchists?,FALSE,0
FALSE,dcpflqg,t1_dcpenmp,null,1484981026,t5_2qh3l,1486230728,null,null,0,t3_5p7qse,2,LeMot-Juste,news,"Not the protests I've been to, where the media made situations much much worse seeking out the attention whores who would do anything for the camera and interpret that as Riot! Destruction!  Burning! An hour later on the news.  I really don't know what is going on now with the news.  I gave it up months ago after it became clear that they basically created Trump by giving him free nightly coverage for years because the news is lazy and cynical.",FALSE,0
FALSE,dcpg29t,t1_dcpfsn9,null,1484982061,t5_2qh3l,1486230967,null,null,0,t3_5p7qse,4,LeMot-Juste,news,"I guess the eight hour work day and health insurance for employees doesn't count.  Neither does the end of child labor, either.",FALSE,0
FALSE,dcpovlz,t1_dcpoh41,null,1485007446,t5_2qh3l,1486235373,null,null,0,t3_5p7qse,2,LeMot-Juste,news,Which with the ACA is forced to provide the entire PUBLIC with options.,FALSE,0
FALSE,dcpowlb,t1_dcpo95r,null,1485007504,t5_2qh3l,1486235386,null,null,0,t3_5p7qse,1,LeMot-Juste,news,Yet Reality TV tells us otherwise.  And Reality TV is the most popular TV in the USA.,FALSE,0
FALSE,dcpoxwa,t1_dcpnv4k,null,1485007583,t5_2qh3l,1486235406,null,null,0,t3_5p7qse,1,LeMot-Juste,news,I've been to many protests.  Guess who the cameras show up for?  Guess who the cameras look for?  Guess what your evening news helps create?,FALSE,0
FALSE,dcpoype,t1_dcpob4z,null,1485007632,t5_2qh3l,1486235419,null,null,0,t3_5p7qse,1,LeMot-Juste,news,"Nope, wrong.  Go to a protest sometime and watch the news crews.  If it's a peaceful protest, the viewers won't watch.",FALSE,0
FALSE,dcpp2jp,t1_dcpgglr,null,1485007861,t5_2qh3l,1486235472,null,null,0,t3_5p7qse,1,LeMot-Juste,news,"No, it would not.  If you doubt the power of what the anarchists and unionists fought for, and the effect on your current life, it's only because you don't want to because it terrifies your beloved dogma.",FALSE,0
FALSE,dcpp3r2,t1_dcpp04u,null,1485007933,t5_2qh3l,1486235489,null,null,0,t3_5p7qse,3,LeMot-Juste,news,"Apple is not required to sell to every member of the public by law, are they?",FALSE,0
FALSE,dcpp4xk,t1_dcpoz18,null,1485008000,t5_2qh3l,1486235505,null,null,0,t3_5p7qse,1,LeMot-Juste,news,"They commit crimes against taste, morality, society, nature...  And people watch and drool.  Tell me again about bad attention.",FALSE,0
FALSE,dcppptg,t1_dcppinl,null,1485009114,t5_2qh3l,1486235793,null,null,0,t3_5p7qse,1,LeMot-Juste,news,"Seems like a loaded question.  Yes, that's something my education taught me the meaning of.  How about yours?",FALSE,0
FALSE,dcppukf,t1_dcppek9,null,1485009361,t5_2qh3l,1486235859,null,null,0,t3_5p7qse,1,LeMot-Juste,news,"Yet no one will watch a protest unless violence is present.  Another great American conundrum.  The only way to solve it is to not ignore or denigrate peaceful protest and offer compromise through legislation...but the GOP says no, that ain't gonna happen.  So I guess we get what we pay for.",FALSE,0
FALSE,dcppzce,t1_dcppxl5,null,1485009603,t5_2qh3l,1486235925,null,null,0,t3_5p7qse,1,LeMot-Juste,news,So liberal arts school then?,FALSE,0
FALSE,dcq09c9,t1_dcpvq0s,null,1485024649,t5_2qh3l,1486241138,null,null,0,t3_5p7qse,1,LeMot-Juste,news,"Minimum wage, 40 hour work week, end to child labor, weekends, vacations, health insurance...  Yeah, those anarchists and unionists never do anything right.",FALSE,0
FALSE,dcqcrxu,t1_dcq897n,null,1485041422,t5_2qh3l,1486247204,null,null,0,t3_5p7qse,1,LeMot-Juste,news,"unions are exactly the same.  You've just bought the Reich Wing propaganda.  Plenty of anarchists didn't have jobs which is exactly why they could fight so hard.   Was the death toll do to Marxism itself, or wars?  What about Marxism creates death, to you?",FALSE,0
FALSE,dcqe0mk,t1_dcqdvk3,null,1485043162,t5_2qh3l,1486247804,null,null,0,t3_5p7qse,1,LeMot-Juste,news,In what way does Marxism do that?,FALSE,0
FALSE,dcqezc0,t1_dcqect6,null,1485044510,t5_2qh3l,1486248267,null,null,0,t3_5p7qse,1,LeMot-Juste,news,"Okay, so you hold with the theory that both are political movements that take the place of religion in the faith and power it gives people to act abominably?  That's a fair argument.  What I do appreciate Marxism for is it's criticisms of Capitalism, which we see today.  Marx hit one bull's eye after another about Capitalism.  That cannot be denied, since so many people, like FDR, saw how earth shattering that was and built systems to forestall the implementation of Communism as a whole, which is very flawed.",FALSE,0
FALSE,dcqmz5k,t1_dcqgjvw,null,1485055768,t5_2qh3l,1486252149,null,null,0,t3_5p7qse,1,LeMot-Juste,news,"Okay, I can't make it through that.  Lots of vile characterizations in place of discussion.  Oh well. Could have been fun.",FALSE,0
FALSE,dcqnfhz,t1_dcqnb3t,null,1485056433,t5_2qh3l,1486252373,null,null,0,t3_5p7qse,1,LeMot-Juste,news,"True.  But your ""critique"" wasn't rational.  It was kinda a little bitch fit.  One might say, rather Trumpie.",FALSE,0
FALSE,dcqothz,t1_dcqja0o,null,1485058407,t5_2qh13,1486253055,null,null,0,t3_5peemr,17,LeMot-Juste,worldnews,How is it pathetic?  Certainly more people showed up to protest than to celebrate Mr. Trump's inauguration.,FALSE,0
FALSE,dcqpsyv,t1_dcqnqqm,null,1485059820,t5_2qh3l,1486253645,null,null,0,t3_5p7qse,1,LeMot-Juste,news,Wow!  We were having a great discussion.  What brought out all this hate and...silliness?,FALSE,0
FALSE,dcqpyk6,t1_dcqpx8g,null,1485060046,t5_2qh3l,1486253720,null,null,0,t3_5p7qse,1,LeMot-Juste,news,"No really, I didn't.  I wanted a discussion and you kind of went off the rails there.  If it was something I did, I'm sorry.",FALSE,0
FALSE,dcqs1tg,t1_dcqq7x5,null,1485063364,t5_2qh3l,1486254763,null,null,0,t3_5p7qse,1,LeMot-Juste,news,"No, I deemed your drama as vile characterizations, against everyone, university profs, liberal arts, yeah you seem to have a think there about education which is definately your problem, not anyone else's.  Those are not criticisms.  Those are tantrumy ad hominems.  That's unfortunate.",FALSE,0
FALSE,dcqt4nm,t3_5pbwh7,null,1485065237,t5_2qqjc,1486255366,null,null,0,t3_5pbwh7,5,LeMot-Juste,todayilearned,Possibly the best scene in all of Seinfeld.  Jason knocked it out of the park.,FALSE,0
FALSE,dcqux95,t1_dcqtluw,null,1485068765,t5_2qh3l,1486256273,null,null,0,t3_5p7qse,1,LeMot-Juste,news,Triggered? Are you really going there?,FALSE,0
FALSE,dcquygd,t1_dcqt6h6,null,1485068833,t5_2qh13,1486256290,null,null,1,t3_5peemr,0,LeMot-Juste,worldnews,"Yet at the march I attended, and the ones I saw on TV, almost every sign, every chant, every participant was there to condemn The Insane One.",FALSE,0
FALSE,dcqv0o1,t1_dcqstv0,null,1485068965,t5_2qh13,1486256319,null,null,0,t3_5peemr,7,LeMot-Juste,worldnews,"LA, NYC, Denver, Berlin, Barcelona, Nashville, St. Louis, Chicago, Paris, Tampa, Charlotte, Raleigh, Madison, Rome, London, Dallas....  Yeah, The Donny was out numbered all over the world.",FALSE,0
FALSE,dcr7mu9,t1_dcqv1kz,null,1485100199,t5_2qh3l,1486262600,null,null,0,t3_5p7qse,1,LeMot-Juste,news,"What textbook provides such an example of this ""triggered"" thing, just for reference.",FALSE,0
FALSE,dcrj0e3,t1_dcrgenz,null,1485114900,t5_2qh3l,1486268229,null,null,1,t3_5phu7h,-2,LeMot-Juste,news,There are now many Mexican immigrant evangelicals.  They are being taught well to vote against their own interests and believe that god will prevent them from deporatation and descrimination.,FALSE,0
FALSE,dcrj9di,t1_dcrc085,null,1485115204,t5_2qh3l,1486268351,null,null,0,t3_5phu7h,54,LeMot-Juste,news,"I don't think Mr. Trump is capable of actually writing that sentence.  Kellyanne grabbed the phone from his tiny little hands, and after saying ""NO, Donny!"" While smacking his nose with a newspaper, she proceeded to write this for him.",FALSE,0
FALSE,dcrke7q,t3_5pjcbz,null,1485116578,t5_2qh13,1486268916,null,null,0,t3_5pjcbz,4,LeMot-Juste,worldnews,"Since Assange admitted to not publishing the RNC leaks, because His Highness deemed them unimportant, what trust does anyone have that this guy will publish anything critical of Vlad's bestie Mr. Trump?",FALSE,0
FALSE,dcrmqpg,t1_dcrltbr,null,1485119237,t5_2qh13,1486270080,null,null,0,t3_5pjcbz,1,LeMot-Juste,worldnews,"Oh that is so CYNICAL!  And unnervingly accurate given this is Assange we are talking about?  Is he dead yet?  R/conspiracy made up their mind on that, yet?",FALSE,0
FALSE,dcro058,t1_dcrnb6o,null,1485120642,t5_2qh3l,1486270707,null,null,0,t3_5phu7h,-1,LeMot-Juste,news,"Having lived in the South all my life (except the times I needed some respite), I would say Evangelicals have a very loose association with what you describe above, if at all.",FALSE,0
FALSE,dcrtp0r,t1_dcrq11h,null,1485127072,t5_2qh3l,1486273484,null,null,0,t3_5phu7h,9,LeMot-Juste,news,And a can fully of pennies that she shakes at him when it looks like he might pee on the carpet?,FALSE,0
FALSE,dcrtycq,t1_dcrqzgu,null,1485127385,t5_2qh3l,1486273608,null,null,0,t3_5phu7h,1,LeMot-Juste,news,"Like I said, the evangelicals I have seen all my life are very different from what you describe.  The comparing of Dems to devils and Satan is only one of the many things I heard, all the time, growing up.",FALSE,0
FALSE,dcrveyz,t3_5pkn9r,null,1485129106,t5_2qh13,1486274315,null,null,1,t3_5pkn9r,2,LeMot-Juste,worldnews,"It means nothing.  Those finance Wall Street boys in the White House aren't going to let him touch immigrants, since their labor makes all CEOs more money.  If Mr. Trump meant it, his ridiculous MAGA hats wouldn't have been made in Vietnam and China.",FALSE,0
FALSE,dcs7dl4,t1_dcs1wjt,null,1485144221,t5_2qh3l,1486280125,null,null,0,t3_5phu7h,6,LeMot-Juste,news,"Have you ever heard Mr. Trump say anything that mature and erudite before?  """,FALSE,0
FALSE,dcs7f79,t1_dcrzgpe,null,1485144291,t5_2qh13,1486280147,null,null,0,t3_5pkn9r,0,LeMot-Juste,worldnews,"I was gifted one, months ago, by a ""kind"" neighbor.  Made in China.",FALSE,0
FALSE,dcs8w8o,t1_dcs177e,null,1485146540,t5_2qh13,1486280855,null,null,0,t3_5pkn9r,1,LeMot-Juste,worldnews,"There are corporations and CEOs who have abused the use of immigrant visas and labor to the detriment of US workers.    This is a big issue, but it's obvious Mr. Trump nor anyone around him is competent enough to even understand it.",FALSE,0
1485152884,dcsa7lo,t1_dcrwap2,null,1485148693,t5_2qh13,1486281486,null,null,0,t3_5pkn9r,1,LeMot-Juste,worldnews,"I support the closing of our H1B situation, expecially in the tech industry.  I'm personally aware of what is going on with H1Bs, the lying, the fake resumes, the incompetence all so the CEO can get his payroll bonus.  What is really detrimental to the US worker is all the low/entry level jobs in IT that are ONLY advertised to immigrants.  These are jobs kids out of high school or Junior college could do and use for advancement.  Nope, all going to immigrants.  No matter though, Mr. Trump's Wall Street Boys won't let him touch the H1Bs.  There might be some symbolic hoopla like the idiotic Carrier (non)deal.  All the same, the CEOs must have their bonuses.",FALSE,0
FALSE,dcscx74,t1_dcsclun,null,1485153750,t5_2qh13,1486282786,null,null,0,t3_5pkn9r,1,LeMot-Juste,worldnews,"If Bernie were in there, we wouldn't be.  Trump is so completely compromised at this point, I don't see how he can do anything that isn't simply a sybolic gesture.",FALSE,0
FALSE,dcsehvt,t1_dcsdszh,null,1485157245,t5_2qh13,1486283540,null,null,0,t3_5pkn9r,1,LeMot-Juste,worldnews,I thought you wanted something better than Obama?  Was I wrong?  Isn't that why you voted for Mr. Trump.,FALSE,0
FALSE,dcstxrb,t1_dcsha2k,null,1485188845,t5_2qh3l,1486291021,null,null,0,t3_5phu7h,1,LeMot-Juste,news,"Where ever the Obamas might have stood, naturally...",FALSE,0
FALSE,dcswuwj,t3_5pp85j,null,1485192143,t5_2qh3l,1486292422,null,null,0,t3_5pp85j,34,LeMot-Juste,news,"Everyone is aware this is what the CIA does :   Builds scenarios for every situation possible and is constantly revising them.  Canada invading the USA?  The CIA has a scenario.  The Queen of England dies?  The CIA has a possible reaction paper on that.  Spain becomes a Muslim state?  Yep, it's in the files somewhere.  This is the CIA's job.",FALSE,0
FALSE,dcsxcwo,t1_dcsw6fo,null,1485192696,t5_2qh13,1486292661,null,null,0,t3_5pq0h6,1,LeMot-Juste,worldnews,"Net neutrality is endangered anyway, as Mr. Trump's new FCC chairman has promised to kill it.  The worst part of TPP was the involvement of the US and our horrible Intellectual Property protections that could be used by entities like Big Pharma to spread their pricing of drugs worldwide.  Now that the USA is out, the US will have no power to effect the destruction of cheap drug production in Australia or Vietnam.  The hope is that now Americans could possibly buy drugs from places like India at a fraction of the cost, like Canada does (India's Pharma industry is heavily regulated for pricing, safety and quality.). That is probably not going to happen, since US citizens don't seem to care about how they are being scammed by US industry.  But others do, and the US pulling out of TPP is good for them.",FALSE,0
FALSE,dcsxh6c,t1_dcswhb9,null,1485192826,t5_2qh13,1486292717,null,null,0,t3_5pq0h6,0,LeMot-Juste,worldnews,"Trump is promising to do things like kill net neutrality anyway, not treating it like a utility, that TPP would have accomplished.  So no.  It's not just that Bernie would have killed TPP, too.  It's that Bernie wouldn't have snuck in all the worst aspects of TPP in other ways to fuck with the citizens.",FALSE,0
FALSE,dcsxjaq,t1_dcswx88,null,1485192895,t5_2qh13,1486292746,null,null,0,t3_5pq0h6,0,LeMot-Juste,worldnews,"How so?  Bernie believes in net neutrality, which is one reason he was against TPP.  Trump does not, so goodbye unrestricted access to the internet.  Be careful what you write comrades!",FALSE,0
FALSE,dct58j7,t1_dct4d9n,null,1485201293,t5_2qgzy,1486296435,null,null,0,t3_5pq3ce,0,LeMot-Juste,sports,Oops just knocked up another gazillionarie super model.  Why does this keep happening to me!,FALSE,0
FALSE,dctd28h,t3_5prqqt,null,1485209844,t5_2qh13,1486300185,null,null,0,t3_5prqqt,4,LeMot-Juste,worldnews,"Not a target, but Canada will suffer the consequences of Mr. Trump anyway.  Best advice - make other ties and secure that southern border, Canada.",FALSE,0
FALSE,dctw184,t1_dctdwwz,null,1485233634,t5_2qh53,1486309297,null,null,0,t3_5powna,1,LeMot-Juste,history,"You must read Blood Meridian someday, even if you listen to the audio book.  The language, Jesus Christ, the language...",FALSE,0
FALSE,dctwzsg,t1_dcsx3rb,null,1485235200,t5_2qh53,1486309756,null,null,0,t3_5powna,1,LeMot-Juste,history,"Knoxville Tennessee actually, is where Cormac grew up.  He also writes like a Southerner and talks like a Southerner.",FALSE,0
1485267725,dctx7pl,t1_dct4pvu,null,1485235578,t5_2qh53,1486309862,null,null,0,t3_5powna,2,LeMot-Juste,history,"Blood Meridian is his greatest work.  For me, Suttree and Child of God are nearly as great, as far as literature goes, and in some ways much more consuming than Blood Meridian.  Suttree is one of favorite books to reread about once a couple years.  It is VERY Southern American though, which might not translate well.  I didn't like the Texas novels very much after Blood Meridian, though.  The Road is also very good, but rather short for a McCarthy novel.",FALSE,0
FALSE,dctx8qg,t1_dcta27g,null,1485235628,t5_2qh53,1486309876,null,null,0,t3_5powna,1,LeMot-Juste,history,Suttree if you can get through pure Southern argot.  Child of God is awesome too.,FALSE,0
FALSE,dctx9yf,t1_dctbm94,null,1485235687,t5_2qh53,1486309892,null,null,0,t3_5powna,1,LeMot-Juste,history,"If you liked Child of God, read Suttree.  It's one of the best displays of the uses of the American language I've ever read.",FALSE,0
FALSE,dcuaxht,t1_dcuajb7,null,1485267926,t5_2qh3l,1486316542,null,null,0,t3_5pw09o,21,LeMot-Juste,news,And Assange is still a media whore and a lying sack of shit.,FALSE,0
FALSE,dcuayvj,t1_dcua2d9,null,1485267984,t5_2qh3l,1486316560,null,null,0,t3_5pw09o,11,LeMot-Juste,news,Times change.  So do people.,FALSE,0
FALSE,dcub0g9,t1_dcuan90,null,1485268049,t5_2qh3l,1486316581,null,null,0,t3_5pw09o,41,LeMot-Juste,news,So you don't think that a foreign dictator messing with our elections is a big deal.  ,FALSE,0
FALSE,dcub2jq,t1_dcua7e9,null,1485268132,t5_2qh3l,1486316609,null,null,0,t3_5pw09o,169,LeMot-Juste,news,"Vlad got to him.  Remember when a giant packet of Russian documents was promised?  Yeah, Assange promised a lot of things and never delivered but after that suddenly Assange was pro-Vlad, all the way.",FALSE,0
FALSE,dcudz0s,t1_dcud9e4,null,1485272022,t5_2qh3l,1486318009,null,null,0,t3_5pw09o,2,LeMot-Juste,news,"Or worse, their intention is to end this freedom and let our 2nd Ammendment sort out the issue of protestors and minorities.",FALSE,0
FALSE,dcue1g9,t1_dcud0si,null,1485272107,t5_2qh3l,1486318042,null,null,0,t3_5pw09o,8,LeMot-Juste,news,"Oh how generous!  You will allow me an opinion as long as it's YOURS!  Wow, that doesn't sound very American.  Hm.",FALSE,0
FALSE,dcuejuu,t1_dcud0xq,null,1485272732,t5_2qh3l,1486318287,null,null,0,t3_5pw09o,51,LeMot-Juste,news,"No, I didn't remember that.  Well, there you go.  The damning moment for me was when Assange called The Panama Papers fake and then demanded a full copy for his personal perusal to determine their accuracy - as he is the only arbiter of Truth in the world.  Naturally, The Panama Papers were particularly damning to Vlad and the Kleptocrats.",FALSE,0
1485276711,dcufzkx,t1_dcuffsz,null,1485274464,t5_2qh3l,1486318975,null,null,0,t3_5pw09o,8,LeMot-Juste,news,"You understand very little about the American social compact, it seems.  Where could you have gotten your ideas?  Ask Mr Trump if his claims of 1.5 million attendees or 3 million illegal voters are verified or factual.  Go ahead.  I'll wait.",FALSE,0
FALSE,dcumz0p,t1_dcumgu4,null,1485282303,t5_2qh3l,1486402799,null,null,0,t3_5pw09o,1,LeMot-Juste,news,What do any of your posts have to do with opinions based on facts?,FALSE,0
FALSE,dcun1eo,t1_dcum1rv,null,1485282373,t5_2qh3l,1486402831,null,null,0,t3_5pw09o,3,LeMot-Juste,news,His money is.  And so is the money of his Kleptocrats.  Who do you think is able to put fear in the heart of the tiny little Vlad man?,FALSE,0
FALSE,dcuo3qy,t1_dcuneqx,null,1485283529,t5_2qh3l,1486403364,null,null,0,t3_5pw09o,2,LeMot-Juste,news,"> I dont recollect.anything about his money, can you source that or is it an assumption without any basis?  Oh well with that attitude I'll surely do your research for you...@@  >I dont believe anybody puts fear in his heart to be honest.  More fool him, then.  The decrepit state of Russia, due to Vlad and the Kleptocrats, should have an effect...unless Russian nihilism is the totality of the man and he couldn't care less if the soul of his country is dead, the culture is dying, the birth rate way under replacement levels, the language disappearing, the Vodka Disease killing the youth as well as HIV and drug addiction...  Things like that should scare a reasonable leader, even a dictator, even a nationalist, even a Kleptocrat...  ",FALSE,0
FALSE,dcupu5r,t1_dcuoc2z,null,1485285426,t5_2qh3l,1486404221,null,null,0,t3_5pw09o,1,LeMot-Juste,news,"> Right, you cant back it up  Not for you, no.  >You are not aware that Putin has been an absolute godsend for his country.  I'm aware that is the attitude Russians are forced to project or be killed, yes.  Vlad has crippled Russia.  Everything that wasn't nailed down was stolen by his Kleptocrats who don't even live or park their money in Russia anymore.  China is waiting patiently at the border for the inevitable collapse when they can enter Siberia and rape all the resources there.  Vlad has turned Russia into a small, nihilistic, depressed and ugly place.  Too bad.  It could have been a vibrant culture but all Vlad and the Kleptocrats are interested in is getting everything they can out of Russia and living in Berlin, LA, Geneva, Cannes, NYC, London, San Francisco...not St. Petersburg, not Moscow, not Stalingrad.  Russia should know better than to trust a single autocrat to do anything of use for their country at this point.",FALSE,0
FALSE,dcuq3b9,t1_dcuq0hd,null,1485285712,t5_2qh3l,1486404343,null,null,0,t3_5pw09o,3,LeMot-Juste,news,"My luck is being born and living in a pretty great country, and having the intelligence to understand why that is.",FALSE,0
FALSE,dcv2exr,t1_dcuv2zp,null,1485299660,t5_2qh3l,1486410331,null,null,0,t3_5pw09o,1,LeMot-Juste,news,"I'm not sure what you are trying to get at here.  My reasons for supporting the Russia narrative are more than faith, though it sounds like you don't care.",FALSE,0
FALSE,dcvfttv,t1_dcv47on,null,1485316381,t5_2qh3l,1486416904,null,null,0,t3_5pw09o,1,LeMot-Juste,news,"Then I guess Russia doesn't need anyone to lift sanctions!  Yippee!  Guess you haven't looked into the addiction problems in Russia, or the negative (way negative) population growth, or the inflation.  Tut tut.  Those might be an issue.  Strange to hear a Finn, of all people, sound so patriotically attached to Russia.  Strange old world.",FALSE,0
FALSE,dcvjydl,t1_dcvjwyb,null,1485322575,t5_2qh3l,1486418943,null,null,0,t3_5pw09o,1,LeMot-Juste,news,How so?,FALSE,0
FALSE,dcwc7xy,t1_dcwbcj8,null,1485370479,t5_2qh3l,1486432660,null,null,0,t3_5q4v0s,0,LeMot-Juste,news,At least these maniacal folks aren't living in a fictional world of 1.5 attendees for their inauguration or that a wall at the Mexico border will do anything but make Cartels stronger (for our banking industry.)  Support!  More!,FALSE,0
FALSE,dcy62nb,t1_dcxywuj,null,1485464173,t5_2qh3l,1486464397,null,null,0,t3_5qbdbr,1,LeMot-Juste,news,"Because these people have trained long and hard to know the world of foreign diplomacy.  Trump, whether he personally likes them or not, needs the information they have inside their heads and the relationships they have spent decades developing.",FALSE,0
FALSE,dcz9pyu,t1_dcz56xo,null,1485530610,t5_2qh3l,1486483449,null,null,0,t3_5pw09o,2,LeMot-Juste,news,"There is no denying any of those criticisms of the USA.  Many more could be piled on top of those.  Even the culture of the USA is corrupted these days.  While we used to have movies and music that housed a complexity of ideas and stories, it's all been co-opted now by a single corporate mind set.  We've gone from Tupac and NWA to fucking Drake and Pitbull???  Stupid as fuck Super Hero movies (with the complexity of an American Girl Doll narrative) when we once had Coppola and Lumet????  The US public has been ground down into expecting only the simplest  forms of mental stimulation.  Anything that requires thought or research is too dangerous to the collective mind - One quails!  One avoids!  One feels physical pain at the very idea!  When I read the discussions here that try to draw complexity out of fucking Game of Thrones, jesus christ, one knows the US as totally lost the plot.    Marx was right.  A society can be judged by how it's women and children are treated.  The USA would rather have another Iron Man than resolve it's issues on that score.",FALSE,0
FALSE,dczfzp4,t1_dczedmk,null,1485537841,t5_2qh3l,1486486456,null,null,0,t3_5pw09o,1,LeMot-Juste,news,"Nice in the way Americans have to play fixers of every situation.  It's a national obsession that isn't really nice at all.  It becomes fairly apparent that US Americans don't want to deeply help or deeply understand or deeply know their friends or family.    I'm only aware of this because I've lived overseas and was told by a EU friend to quit being so American and trying to fix everything, which led to long discussions about American habits in general with many people.  I had no idea.  Of course, I couldn't change who I am, but I could be considerate of others from other cultures and do things like call or meet them when promised rather than assume, in my US way, that promising to meet a friend is more a wish or desire than a commitment.  We like our interactions to be short, intense and no mess left behind or obligations.  This is really far from being nice, but it gives off that aura of course.    I have family members, teachers of the young, who have had jobs of considerable influence before that, who are now teaching the pliable minds that the only people who can possibly save Western Civilization are white US american men.  In my new commitment to confronting all political nonsense, it's going to be interesting next time we meet up.",FALSE,0
FALSE,dd0bme1,t1_dd0arms,null,1485579932,t5_2qh3l,1486501806,null,null,0,t3_5qljt7,13,LeMot-Juste,news,"She's EIGHTEEN!  Give her a break.  She's out on her own for the first time after being surrounded by a virtual army for nine years protecting her from very real threats.  If this is what she feels comfortable doing at this time, good for Malia.  ",FALSE,0
FALSE,dd0bnwv,t1_dd09hsa,null,1485580009,t5_2qh3l,1486501827,null,null,1,t3_5qljt7,-1,LeMot-Juste,news,So why post anything at all?  Seems like you do care if you post.,FALSE,0
FALSE,dd0bowh,t1_dd0bfc5,null,1485580059,t5_2qh3l,1486501841,null,null,0,t3_5qljt7,5,LeMot-Juste,news,According to you.  It's not fake news.  ,FALSE,0
FALSE,dd0bry2,t1_dd0a2p0,null,1485580217,t5_2qh3l,1486501881,null,null,0,t3_5qljt7,5,LeMot-Juste,news,It would employ 35 permanent people.  It would not lower domestic gas or oil prices because most of it is going to India and China - that's why it's being routed to the US docks.  The pipelines do nothing for anyone on the American continent who isn't an oil billionaire already.,FALSE,0
FALSE,dd0bsom,t1_dd0ac0h,null,1485580254,t5_2qh3l,1486501891,null,null,0,t3_5qljt7,5,LeMot-Juste,news,"And a necessity for the poor, since they can't pay for pure water and air.",FALSE,0
FALSE,dd0dhto,t1_dd0cwzu,null,1485583676,t5_2qh3l,1486502719,null,null,0,t3_5qljt7,0,LeMot-Juste,news,Especially when you care.,FALSE,0
FALSE,dd0dita,t1_dd0bwmp,null,1485583737,t5_2qh3l,1486502733,null,null,0,t3_5qljt7,6,LeMot-Juste,news,The last bit was about Malia,FALSE,0
FALSE,dd0dl32,t1_dd0bonv,null,1485583872,t5_2qh3l,1486502763,null,null,0,t3_5qljt7,1,LeMot-Juste,news,So using Malia to see if anyone cares about you and your opinions.  Smart.,FALSE,0
FALSE,dd0eph7,t1_dd0d9p6,null,1485586475,t5_2qh3l,1486503300,null,null,0,t3_5qm63d,21,LeMot-Juste,news,"'Cept factories in the USA are still moving to Mexico, rapidly, and Trump is just ignoring it to focus on his useless wall.  The Congressional Repubs aren't going to let NAFTA change much, though it was always up for renegotiation this year.",FALSE,0
FALSE,dd0esc0,t1_dd0enl4,null,1485586668,t5_2qh3l,1486503338,null,null,0,t3_5qm7dq,7,LeMot-Juste,news,Ever had Pakistani food?  It's actually not much like Indian food.,FALSE,0
FALSE,dd0etu1,t1_dd0dkyh,null,1485586769,t5_2qh3l,1486503359,null,null,0,t3_5qm7dq,7,LeMot-Juste,news,People are always charged for every count the DA can find in cases like this.  It makes a trial less likely and a plea for lesser charges nearly inevitable.,FALSE,0
FALSE,dd0qn6y,t1_dd0kwmm,null,1485618631,t5_2qh3l,1486509086,null,null,0,t3_5qljt7,1,LeMot-Juste,news,It's pointlessly idealistic to think that a president's child isn't going to receive media attention.  I would bet that she is more irritated by stories and press intrusions than you ever will be.  ,FALSE,0
FALSE,dd0qtvo,t1_dd0g07f,null,1485618925,t5_2qh3l,1486509174,null,null,0,t3_5qljt7,2,LeMot-Juste,news,Did you expect anything else?  Do you not watch FOX or CNN?,FALSE,0
FALSE,dd0t1l0,t1_dd0sp04,null,1485622267,t5_2qh3l,1486510242,null,null,0,t3_5qljt7,1,LeMot-Juste,news,"Neither do I.  That is the real sadness all around, isn't it?",FALSE,0
FALSE,dd12pqw,t3_5qpnfi,null,1485635652,t5_2qh3l,1486514899,null,null,0,t3_5qpnfi,14,LeMot-Juste,news,Too bad the Ponzi scheme wasn't against the middle class or poor home owners.  The government would have handed them a shiny crown along with a bailout of many billions.,FALSE,0
FALSE,dd1lof1,t1_dd1kk4j,null,1485662065,t5_2qh3l,1486524027,null,null,0,t3_5qrivd,12,LeMot-Juste,news,"Nope, no detention centers.  The judge ruled that legitimate green card holders must be given due process before being detained or denied entry to the USA.",FALSE,0
FALSE,dd1lrqr,t1_dd1li5z,null,1485662207,t5_2qh3l,1486524071,null,null,0,t3_5qrivd,77,LeMot-Juste,news,"I see your Reddit law degree is serving you well.  Bans are not connected to high risk countries.  In fact, high risk areas are where refugees come from, many of whom have helped our forces and our government.",FALSE,0
FALSE,dd1lugp,t1_dd1lkfh,null,1485662323,t5_2qh3l,1486524108,null,null,0,t3_5qrivd,20,LeMot-Juste,news,"No visas can be removed at will, not green cards.  Green card holders get the same due process as citizens.",FALSE,0
FALSE,dd1lx0m,t1_dd1lihd,null,1485662431,t5_2qh3l,1486524142,null,null,0,t3_5qrivd,46,LeMot-Juste,news,"If they have green cards, they have the same rights to due process as citizens.",FALSE,0
FALSE,dd1lzx6,t1_dd1liq7,null,1485662553,t5_2qh3l,1486524180,null,null,0,t3_5qrivd,10,LeMot-Juste,news,"Nope.  It depends on what kind of visa the detainees have and whether they have green cards or not.  We do not deny rights to non-citizens, as other countries do not deny us their legal rights because we are Americans.  Do you perhaps see the dangerous precedent your boy is causing here?  Think about it.",FALSE,0
FALSE,dd1m2u9,t1_dd1llwt,null,1485662678,t5_2qh3l,1486524219,null,null,0,t3_5qrivd,15,LeMot-Juste,news,Oh I see another Reddit law degree in attendance.  ,FALSE,0
FALSE,dd1m5o3,t1_dd1kwxv,null,1485662801,t5_2qh3l,1486524257,null,null,0,t3_5qrivd,8,LeMot-Juste,news,So you have no appreciation for the Constitution or our checks and balances as the ultimate protections?  Sounds like you want an authoritarian...a Fascist god...or something like that.,FALSE,0
FALSE,dd1m9mp,t1_dd1m1ih,null,1485662974,t5_2qh3l,1486524309,null,null,0,t3_5qrivd,38,LeMot-Juste,news,But they retain the right to due process and cannot be ejected from the USA or detained without a court hearing.,FALSE,0
FALSE,dd1mbdr,t1_dd1lw9m,null,1485663051,t5_2qh3l,1486524333,null,null,0,t3_5qrivd,5,LeMot-Juste,news,"Maybe, maybe not.  The judge set a court date in February, quite quickly, to deal with the other green card holders being denied entry from other places.",FALSE,0
FALSE,dd1meuh,t1_dd1mb30,null,1485663205,t5_2qh3l,1486524379,null,null,0,t3_5qrivd,32,LeMot-Juste,news,"Not exactly true.  Even in other countries, like the MIT students now in limbo, they do have rights accompanying that green card or student visa.    The judge has scheduled a hearing about those residents in February.",FALSE,0
1485674679,dd1mgq6,t1_dd1maoa,null,1485663288,t5_2qh3l,1486524403,null,null,0,t3_5qrivd,7,LeMot-Juste,news,I don't think you know much about immigration law and why we protect the rights of visa and green card holders from other countries.  Your gaps of logic are atrocious.,FALSE,0
FALSE,dd1mom5,t1_dd1mkd2,null,1485663623,t5_2qh3l,1486524508,null,null,0,t3_5qrivd,6,LeMot-Juste,news,"if you have a wife, and if she is an immigration lawyer, she is giving you really bad information.",FALSE,0
FALSE,dd1n1t1,t1_dd1mpe0,null,1485664182,t5_2qh3l,1486524683,null,null,0,t3_5qrivd,8,LeMot-Juste,news,"Sorry, but green card holders do have rights.    You're not even looking it up, are you, because you are so full of fascist arrogance right now.",FALSE,0
FALSE,dd1pim0,t1_dd1nt6y,null,1485668310,t5_2qh3l,1486525867,null,null,0,t3_5qrivd,1,LeMot-Juste,news,"Wrong.  Green card holders have rights.  Why?  Because other countries offer US citizens rights based on the visas and green cards they have.  It's an equal and equitable system.  I've had foreign green cards.  I was given the rights of the citizens, though not the right to vote, and I had to reapply every 5 years.  I was afforded the hearings and processes of citizens as well as the protections.  The USA offers the same.  ",FALSE,0
FALSE,dd1pkt5,t1_dd1nat7,null,1485668418,t5_2qh3l,1486525897,null,null,0,t3_5qrivd,2,LeMot-Juste,news,"Both of those links proves you wrong, btw.  They show that foreign residents DO have rights similar to citizens.  What is your moral high ground?  Might makes right?  The majority rules?  That is fascism.",FALSE,0
FALSE,dd1rik8,t1_dd1pqbz,null,1485672088,t5_2qh3l,1486526829,null,null,0,t3_5qrivd,1,LeMot-Juste,news,"It actually isn't a shame.  It's how countries get along without using foreign citizens as hostages to settle grievances, real or imaginary (as in the case of Trump.)  Part of what the USA gains by having good relationships with other countries is the safety of it's citizens.  One of those safeties is that non-native residents are treated with respect and given basic rights.  It works out for everyone very well.",FALSE,0
FALSE,dd1rm03,t1_dd1pyeo,null,1485672285,t5_2qh3l,1486526875,null,null,0,t3_5qrivd,-1,LeMot-Juste,news,"The right to stay in the USA is afforded to non-citizens if they have a green card.  If that is revoked, the non-citizen has the right to a trial and due process.  I've read quite a bit of history actually.  The authority which US citizens are giving to Trump has parallels in all the Fascist reins that ever existed.  Everything that Trump is attempting to accomplish is in lock step with a Fascist ruler, and the people want him to be their authoritarian and give up all the benefits of the republic.",FALSE,0
FALSE,dd24x39,t1_dd203tq,null,1485704932,t5_2qh3l,1486533257,null,null,0,t3_5qrivd,1,LeMot-Juste,news,We'll see.  Trump isn't the real danger there.  The evil-as-fuck Repubs in Congress are.  Those shitheads aren't going to protect us or documented immigrants from all the delicious spite they and their Fascist supporters can muster.,FALSE,0
FALSE,dd2avne,t3_5quztf,null,1485713158,t5_2qh3l,1486536123,null,null,0,t3_5quztf,21,LeMot-Juste,news,"So glad I've always used Lyft since the Uber CEO has been, and always will be, such a turd burger.",FALSE,0
FALSE,dd2b2z7,t1_dd2atrt,null,1485713427,t5_2qh3l,1486536220,null,null,0,t3_5qugb7,2,LeMot-Juste,news,It's also the job the Repub voters elected him to do.  Don't let that population of fascists off the hook.  They WANT a authoritarian absolute ruler who treats minorities just a little worse than he treats them.,FALSE,0
FALSE,dd2b6d3,t1_dd26x4c,null,1485713546,t5_2qh3l,1486536265,null,null,0,t3_5qugb7,4,LeMot-Juste,news,One would think that some bad voting decision is having real time consequences that make the news.  Who would have thought!,FALSE,0
FALSE,dd2d5h1,t1_dd2czpf,null,1485716163,t5_2qh3l,1486537211,null,null,0,t3_5quztf,1,LeMot-Juste,news,"Burn!  Good one, cannot lie. Have an upvote.",FALSE,0
FALSE,dd2dbp6,t1_dd2brby,null,1485716391,t5_2qh3l,1486537294,null,null,0,t3_5quztf,1,LeMot-Juste,news,"For some reason, Uber stutters in my town and can't seem to pinpoint our address or street correctly when my neighbors have used it.  They are always standing outside or running to the corner to wave down their Ubers.  I've never had that problem with Lyft.",FALSE,0
FALSE,dd4lyzq,t1_dd4j03h,null,1485831399,t5_2qh3l,1486576070,null,null,0,t3_5r4i0k,23,LeMot-Juste,news,The system of security is the best in the world.  It takes two years to even receive residency.  There is nothing Trump can do to make it better.  There is nothing to be redone.  It was a stupid move.  That is all.,FALSE,0
FALSE,dd4pqge,t1_dd4p4ux,null,1485836112,t5_2qh3l,1486577877,null,null,0,t3_5r5qx4,286,LeMot-Juste,news,"Nope, she was a holdover from the Bush Administration.  She is a true patriot, who was respected by both parties.",FALSE,0
FALSE,dd4prm5,t1_dd4p0n8,null,1485836154,t5_2qh3l,1486577893,null,null,0,t3_5r5qx4,220,LeMot-Juste,news,"She joined the AG office during the Bush administration, hired by a Republican.",FALSE,0
FALSE,dd4qlbz,t1_dd4qhbr,null,1485837225,t5_2qh3l,1486578292,null,null,1,t3_5r5qx4,2,LeMot-Juste,news,> Assistant U.S. Attorney under Bush. U.S. Attorney in the Northern District of Georgia and Deputy Attorney General of the United States under Obama.  Read it and weep.,FALSE,0
FALSE,dd4r6yh,t1_dd4r54x,null,1485838058,t5_2qh3l,1486578588,null,null,1,t3_5r5qx4,-4,LeMot-Juste,news,"""Assistant U.S. Attorney under Bush. U.S. Attorney in the Northern District of Georgia and Deputy Attorney General of the United States under Obama.""  Not that hard to find.",FALSE,0
FALSE,dd4r7hg,t1_dd4qxpc,null,1485838079,t5_2qh3l,1486578594,null,null,0,t3_5r5qx4,2,LeMot-Juste,news,"""Assistant U.S. Attorney under Bush. U.S. Attorney in the Northern District of Georgia and Deputy Attorney General of the United States under Obama.""",FALSE,0
FALSE,dd4r8o4,t1_dd4qwm0,null,1485838125,t5_2qh3l,1486578610,null,null,0,t3_5r5qx4,6,LeMot-Juste,news,> Respected for her willingness to go along with the wars and bombings of Muslim nations from the past 16 years? That kind of a patriot?  The AG office has nothing to do with international policy.  Try again.,FALSE,0
1485838582,dd4ranj,t1_dd4qvm4,null,1485838205,t5_2qh3l,1486578636,null,null,0,t3_5r5qx4,-2,LeMot-Juste,news,"That's funny, because my feelings on patriotism have always been embarrassment more than anything else.  Suddenly, with Trump, I'm more inclined to see patriotism, real patriotism, as a good thing.",FALSE,0
FALSE,dd4rbwg,t1_dd4qom8,null,1485838258,t5_2qh3l,1486578653,null,null,1,t3_5r5qx4,4,LeMot-Juste,news,Joined?  The AG office isn't a club.  She was hired by Republicans.,FALSE,0
FALSE,dd4rf9o,t1_dd4rc2v,null,1485838398,t5_2qh3l,1486578697,null,null,0,t3_5r5qx4,-1,LeMot-Juste,news,"You have that confused.  She was in the AG under Bush, and in the AG for the courts of N Georgia under Obama.",FALSE,0
FALSE,dd4rgvg,t1_dd4rfec,null,1485838463,t5_2qh3l,1486578719,null,null,0,t3_5r5qx4,-5,LeMot-Juste,news,So would you then concede that she worked well with both Repubs and Dems?,FALSE,0
FALSE,dd4rhp8,t1_dd4regf,null,1485838498,t5_2qh3l,1486578730,null,null,0,t3_5r5qx4,1,LeMot-Juste,news,"Shit!  Yes, sorry.  Let me find the proper quote again.",FALSE,0
FALSE,dd4rku4,t1_dd4regf,null,1485838628,t5_2qh3l,1486578771,null,null,0,t3_5r5qx4,0,LeMot-Juste,news,"""Assistant U.S. Attorney under Bush. U.S. Attorney in the Northern District of Georgia and Deputy Attorney General of the United States under Obama""",FALSE,0
FALSE,dd4s3wb,t1_dd4s173,null,1485839409,t5_2qh3l,1486579025,null,null,0,t3_5r5qx4,-5,LeMot-Juste,news,So?  Was she hired by a Repub to work with a Repub AG or not?  Wiggle all you want.  It's not working.,FALSE,0
1485840996,dd4se7z,t1_dd4s51l,null,1485839843,t5_2qh3l,1486579165,null,null,0,t3_5r5qx4,5,LeMot-Juste,news,"Was she not appointed by Bush personally, is that what you are quibbling over, whether they met and shook hands on it?  She worked for Bush.  She was selected to work for Republicans by Republicans.  ""Assistant U.S. Attorney under Bush. U.S. Attorney in the Northern District of Georgia and Deputy Attorney General of the United States under Obama""",FALSE,0
FALSE,dd4sl46,t1_dd4scjs,null,1485840139,t5_2qh3l,1486579258,null,null,0,t3_5r5qx4,0,LeMot-Juste,news,"Ah!  So she was never appointed by Obama to anything until lately, yes?",FALSE,0
FALSE,dd4urr3,t1_dd4uf5x,null,1485843982,t5_2qh3l,1486580314,null,null,0,t3_5r4i0k,26,LeMot-Juste,news,Why do you think he made it?  Do you think he made it to ban immigrants and visitors from those countries?  You would be wrong to think that.,FALSE,0
FALSE,dd4uss2,t1_dd4ubjd,null,1485844036,t5_2qh3l,1486580327,null,null,0,t3_5r5qx4,-1,LeMot-Juste,news,"She was appointed under a Repub president.  Whether he chose her personally or if it was the Repub AG, so what?  ",FALSE,0
FALSE,dd4uz23,t1_dd4ti3z,null,1485844386,t5_2qh3l,1486580411,null,null,0,t3_5r5qx4,2,LeMot-Juste,news,And?  Was she hired by Republicans or not to serve a Republican administration?  Do you know for sure that the Bush White House had no say in the matter of her hiring?,FALSE,0
FALSE,dd4uzrq,t1_dd4tdd1,null,1485844426,t5_2qh3l,1486580421,null,null,0,t3_5r5qx4,-1,LeMot-Juste,news,> It's pretty funny you think people voted for Trump because he was supposed to be like Bush or hold his political circle.   What's funnier is you imagine that's what I think. ,FALSE,0
FALSE,dd4v0oo,t1_dd4taqb,null,1485844477,t5_2qh3l,1486580433,null,null,0,t3_5r5qx4,0,LeMot-Juste,news,Twist and wiggle some more.  You still aren't making sense.,FALSE,0
FALSE,dd4vkp3,t1_dd4vfdw,null,1485845629,t5_2qh3l,1486580715,null,null,0,t3_5r5qx4,1,LeMot-Juste,news,Did she work for a Republican administration or not?,FALSE,0
FALSE,dd4vmbh,t1_dd4v5oy,null,1485845727,t5_2qh3l,1486580737,null,null,0,t3_5r5qx4,1,LeMot-Juste,news,It's relevant because she worked for both Dems and Repubs in radically different AG offices.,FALSE,0
FALSE,dd4vmzx,t1_dd4v4cc,null,1485845769,t5_2qh3l,1486580746,null,null,0,t3_5r5qx4,1,LeMot-Juste,news,"Sorry, no.  But you can try again.",FALSE,0
FALSE,dd4vq6f,t1_dd4vmoq,null,1485845960,t5_2qh3l,1486580788,null,null,0,t3_5r5qx4,1,LeMot-Juste,news,What is clear is that she worked for both a Repub and Dem AG.,FALSE,0
FALSE,dd4wadd,t1_dd4w0al,null,1485847216,t5_2qh3l,1486581057,null,null,0,t3_5r5qx4,0,LeMot-Juste,news,"I'm aware that Republican voters have sent in 8 years of obstructionists to do nothing but resist anything that would allow that black president to be successful at all, yep.  I'm also aware that the moderate Republicans, who actually worked the system, were turned out as traitors by the current GOP.  I'm aware that Republicans have been racists since I was a small child.  Sadly, Mr. Trump upped the GOP ante there and attracted the racist element with direct, rather than implied, violence against minorities.  I do know what Republicans are, known it for years.  Denying it now, after Trump called your bluff, is amusing.",FALSE,0
FALSE,dd4wfat,t1_dd4w9z2,null,1485847535,t5_2qh3l,1486581123,null,null,0,t3_5r5qx4,1,LeMot-Juste,news,"Nope, the entire DOJ has not worked under both parties.  Come on, you know that is horse shit.  Desperate?  Did she, or did she not, work under two administration of different parties?",FALSE,0
FALSE,dd4wfxd,t1_dd4w7c1,null,1485847576,t5_2qh3l,1486581131,null,null,0,t3_5r5qx4,1,LeMot-Juste,news,Did she or did she not work under two different administrations from both parties?,FALSE,0
FALSE,dd5fmxm,t1_dd5fbkn,null,1485883130,t5_2qh3l,1486590460,null,null,0,t3_5r5qx4,1,LeMot-Juste,news,"> Might I remind you that Lincoln was a founder to the Republican party?  No he was not.    Strangely, Lincoln is never mentioned as a great hero by today's republican dreck.  They do anything they can to forget what Lincoln was and that he believed the Federal Gov't had power over the states.  heh.  What the hell is the supremacy party?  What Democrats are a member of this fantasy party of yours?",FALSE,0
FALSE,dd5gv6l,t1_dd5fss4,null,1485884444,t5_2qh3l,1486591064,null,null,0,t3_5r4i0k,3,LeMot-Juste,news,"> Trump is doing it a smarter way  Except it's not smarter and it's detaining people without their right to due process, which should alarm you, since if it can be done to the most vulnerable, it could be done to you tomorrow.  Smarter, it ain't.  Fascistic, yeah, it is.",FALSE,0
FALSE,dd5i57y,t1_dd5hdw0,null,1485885806,t5_2qh3l,1486591683,null,null,0,t3_5r5qx4,1,LeMot-Juste,news,"But Lincoln didn't create the Repub party, as your quote proves.  Oh do forgive!  Here's your new quote -  >being a member of a supremacy group  What group would that be?  ",FALSE,0
FALSE,dd5jfuv,t1_dd5ivs7,null,1485887200,t5_2qh3l,1486592311,null,null,0,t3_5r5qx4,1,LeMot-Juste,news,"Yet Lincoln was not the founder either, as your quote up there proves.  He contributed to it, didn't found it.  Times change.  Since President Wilson, and the film The Birth of a Nation, the sides have switched.  The last real progressive with KKK membership was Hugo Black.  He changed enormously and developed a different, very strong, stance against the KKK and racism in general.",FALSE,0
FALSE,dd5l3yp,t1_dd5kgm2,null,1485888997,t5_2qh3l,1486593164,null,null,0,t3_5r4i0k,2,LeMot-Juste,news,"Oh yes it is new.  These people were approved to come back to the USA or visit the USA. Detaining them and forcing them to sign away their rights to ever come into the USA is WRONG, and not the tactic used by anyone before Trump.  By every indication, Trump is setting up a Fascist dictatorship where neither your rights nor my rights are protected by the highest office in the land and Repub Congress of slime.",FALSE,0
FALSE,dd5nmt9,t1_dd5lr8x,null,1485891751,t5_2qh3l,1486594376,null,null,0,t3_5r4i0k,1,LeMot-Juste,news,"There were 90,000 people effected.  Many had student visas and were told to turn around and go home.  They are not back in the USA yet.  So what is your White Pride House occupier saying, specifically?",FALSE,0
FALSE,dd5tiz0,t1_dd5sgrs,null,1485898022,t5_2qh3l,1486597214,null,null,0,t3_5r4i0k,1,LeMot-Juste,news,"Yet it is being carried out exactly that way, and being reinforced by The White Pride House exactly that way, too, with the firing of the AG and the Chief of Immigration.",FALSE,0
